timestamp,edits_count,unique_editors,new_editors,mean_edit_size,revert_rate,bot_edit_share,hidden_user_share,editor_churn
2022-04-15 00:00:00+00:00,33.0,6.0,6.0,1128.969696969697,0.0,0.0,0.0,1.0
2022-04-16 00:00:00+00:00,5.0,3.0,2.0,114.25,0.0,0.2,0.0,0.6666666666666666
2022-04-17 00:00:00+00:00,13.0,3.0,2.0,182.30769230769232,0.0,0.0,0.0,0.6666666666666666
2022-04-18 00:00:00+00:00,6.0,3.0,1.0,183.83333333333334,0.0,0.0,0.0,0.3333333333333333
2022-04-19 00:00:00+00:00,6.0,3.0,2.0,648.0,0.0,0.0,0.0,0.6666666666666666
2022-04-20 00:00:00+00:00,10.0,5.0,4.0,438.9,0.0,0.0,0.0,0.8
2022-04-21 00:00:00+00:00,36.0,7.0,5.0,226.33333333333334,0.0,0.0,0.0,0.7142857142857143
2022-04-22 00:00:00+00:00,33.0,21.0,17.0,488.1212121212121,0.15151515151515152,0.0,0.0,0.8095238095238095
2022-04-23 00:00:00+00:00,7.0,6.0,5.0,10.142857142857142,0.0,0.0,0.0,0.8333333333333334
2022-04-24 00:00:00+00:00,5.0,4.0,1.0,198.0,0.0,0.0,0.0,0.25
2022-04-25 00:00:00+00:00,12.0,11.0,5.0,319.0,0.08333333333333333,0.0,0.0,0.45454545454545453
2022-04-26 00:00:00+00:00,5.0,5.0,4.0,149.8,0.0,0.0,0.0,0.8
2022-04-27 00:00:00+00:00,5.0,3.0,0.0,1669.2,0.0,0.0,0.0,0.0
2022-04-28 00:00:00+00:00,16.0,8.0,3.0,637.8571428571429,0.0,0.125,0.0,0.375
2022-04-29 00:00:00+00:00,17.0,12.0,6.0,252.47058823529412,0.0,0.0,0.0,0.5
2022-04-30 00:00:00+00:00,20.0,17.0,16.0,64.05263157894737,0.05,0.05,0.0,0.9411764705882353
2022-05-01 00:00:00+00:00,27.0,11.0,10.0,130.14814814814815,0.5925925925925926,0.0,0.0,0.9090909090909091
2022-05-02 00:00:00+00:00,9.0,5.0,2.0,251.0,0.1111111111111111,0.2222222222222222,0.0,0.4
2022-05-03 00:00:00+00:00,8.0,6.0,3.0,1717.625,0.0,0.0,0.0,0.5
2022-05-04 00:00:00+00:00,5.0,3.0,2.0,263.0,0.0,0.2,0.0,0.6666666666666666
2022-05-05 00:00:00+00:00,7.0,2.0,0.0,171.28571428571428,0.0,0.0,0.0,0.0
2022-05-06 00:00:00+00:00,13.0,5.0,3.0,155.30769230769232,0.0,0.0,0.0,0.6
2022-05-07 00:00:00+00:00,62.0,4.0,2.0,186.96666666666667,0.0,0.03225806451612903,0.0,0.5
2022-05-08 00:00:00+00:00,29.0,5.0,1.0,235.85714285714286,0.0,0.034482758620689655,0.0,0.2
2022-05-09 00:00:00+00:00,8.0,4.0,1.0,45.42857142857143,0.0,0.125,0.0,0.25
2022-05-10 00:00:00+00:00,14.0,6.0,1.0,945.1428571428571,0.0,0.0,0.0,0.16666666666666666
2022-05-11 00:00:00+00:00,49.0,8.0,3.0,522.2448979591836,0.061224489795918366,0.0,0.0,0.375
2022-05-12 00:00:00+00:00,26.0,8.0,1.0,330.34615384615387,0.038461538461538464,0.0,0.0,0.125
2022-05-13 00:00:00+00:00,19.0,8.0,3.0,234.52631578947367,0.05263157894736842,0.0,0.0,0.375
2022-05-14 00:00:00+00:00,6.0,2.0,1.0,73.0,0.0,0.0,0.0,0.5
2022-05-15 00:00:00+00:00,12.0,3.0,0.0,180.08333333333334,0.0,0.0,0.0,0.0
2022-05-16 00:00:00+00:00,29.0,9.0,3.0,322.0357142857143,0.0,0.034482758620689655,0.0,0.3333333333333333
2022-05-17 00:00:00+00:00,22.0,8.0,4.0,112.27272727272727,0.045454545454545456,0.0,0.0,0.5
2022-05-18 00:00:00+00:00,16.0,9.0,3.0,546.0,0.0,0.0,0.0,0.3333333333333333
2022-05-19 00:00:00+00:00,18.0,10.0,7.0,432.52941176470586,0.0,0.05555555555555555,0.0,0.7
2022-05-20 00:00:00+00:00,8.0,4.0,0.0,1005.75,0.0,0.0,0.0,0.0
2022-05-21 00:00:00+00:00,29.0,9.0,3.0,117.03448275862068,0.0,0.0,0.0,0.3333333333333333
2022-05-22 00:00:00+00:00,8.0,5.0,3.0,419.875,0.0,0.0,0.0,0.6
2022-05-23 00:00:00+00:00,9.0,7.0,4.0,137.11111111111111,0.0,0.0,0.0,0.5714285714285714
2022-05-24 00:00:00+00:00,12.0,5.0,3.0,245.75,0.0,0.0,0.0,0.6
2022-05-25 00:00:00+00:00,28.0,10.0,4.0,541.0714285714286,0.0,0.0,0.0,0.4
2022-05-26 00:00:00+00:00,15.0,8.0,4.0,197.66666666666666,0.0,0.0,0.0,0.5
2022-05-27 00:00:00+00:00,9.0,5.0,2.0,124.0,0.0,0.1111111111111111,0.0,0.4
2022-05-28 00:00:00+00:00,18.0,5.0,2.0,487.5,0.0,0.0,0.0,0.4
2022-05-29 00:00:00+00:00,25.0,14.0,7.0,1327.625,0.0,0.04,0.0,0.5
2022-05-30 00:00:00+00:00,17.0,9.0,3.0,158.375,0.0,0.058823529411764705,0.0,0.3333333333333333
2022-05-31 00:00:00+00:00,9.0,9.0,6.0,80.75,0.0,0.1111111111111111,0.0,0.6666666666666666
2022-06-01 00:00:00+00:00,118.0,40.0,28.0,2518.846153846154,0.05084745762711865,0.00847457627118644,0.0,0.7
2022-06-02 00:00:00+00:00,122.0,34.0,18.0,3679.0420168067226,0.00819672131147541,0.02459016393442623,0.0,0.5294117647058824
2022-06-03 00:00:00+00:00,41.0,18.0,9.0,108.7948717948718,0.0,0.04878048780487805,0.0,0.5
2022-06-04 00:00:00+00:00,73.0,9.0,4.0,273.9718309859155,0.0,0.0273972602739726,0.0,0.4444444444444444
2022-06-05 00:00:00+00:00,59.0,22.0,14.0,124.03508771929825,0.06779661016949153,0.03389830508474576,0.03389830508474576,0.6363636363636364
2022-06-06 00:00:00+00:00,78.0,14.0,6.0,239.67948717948718,0.01282051282051282,0.0,0.0,0.42857142857142855
2022-06-07 00:00:00+00:00,46.0,8.0,1.0,277.02222222222224,0.021739130434782608,0.021739130434782608,0.0,0.125
2022-06-08 00:00:00+00:00,62.0,16.0,8.0,285.08474576271186,0.03225806451612903,0.04838709677419355,0.0,0.5
2022-06-09 00:00:00+00:00,27.0,9.0,4.0,366.14814814814815,0.037037037037037035,0.0,0.0,0.4444444444444444
2022-06-10 00:00:00+00:00,26.0,8.0,5.0,259.53846153846155,0.0,0.0,0.0,0.625
2022-06-11 00:00:00+00:00,35.0,12.0,2.0,757.875,0.11428571428571428,0.08571428571428572,0.0,0.16666666666666666
2022-06-12 00:00:00+00:00,28.0,9.0,4.0,347.5357142857143,0.14285714285714285,0.0,0.0,0.4444444444444444
2022-06-13 00:00:00+00:00,26.0,9.0,2.0,3717.5384615384614,0.23076923076923078,0.0,0.0,0.2222222222222222
2022-06-14 00:00:00+00:00,37.0,11.0,2.0,3373.542857142857,0.08108108108108109,0.05405405405405406,0.0,0.18181818181818182
2022-06-15 00:00:00+00:00,30.0,15.0,6.0,353.56666666666666,0.06666666666666667,0.0,0.0,0.4
2022-06-16 00:00:00+00:00,49.0,16.0,5.0,1973.5208333333333,0.10204081632653061,0.02040816326530612,0.0,0.3125
2022-06-17 00:00:00+00:00,42.0,10.0,4.0,210.73809523809524,0.14285714285714285,0.0,0.0,0.4
2022-06-18 00:00:00+00:00,29.0,12.0,5.0,1231.4642857142858,0.2413793103448276,0.034482758620689655,0.0,0.4166666666666667
2022-06-19 00:00:00+00:00,25.0,4.0,1.0,294.32,0.04,0.0,0.0,0.25
2022-06-20 00:00:00+00:00,28.0,11.0,1.0,525.3333333333334,0.03571428571428571,0.03571428571428571,0.0,0.09090909090909091
2022-06-21 00:00:00+00:00,14.0,8.0,0.0,1885.142857142857,0.2857142857142857,0.0,0.0,0.0
2022-06-22 00:00:00+00:00,32.0,8.0,3.0,446.64516129032256,0.0625,0.03125,0.0,0.375
2022-06-23 00:00:00+00:00,7.0,4.0,1.0,97.14285714285714,0.14285714285714285,0.0,0.0,0.25
2022-06-24 00:00:00+00:00,7.0,5.0,0.0,1223.2857142857142,0.2857142857142857,0.0,0.0,0.0
2022-06-25 00:00:00+00:00,5.0,5.0,1.0,1694.3333333333333,0.2,0.4,0.0,0.2
2022-06-26 00:00:00+00:00,11.0,4.0,2.0,132.9090909090909,0.09090909090909091,0.0,0.0,0.5
2022-06-27 00:00:00+00:00,11.0,4.0,1.0,433.8181818181818,0.2727272727272727,0.0,0.0,0.25
2022-06-28 00:00:00+00:00,10.0,4.0,0.0,166.0,0.0,0.0,0.0,0.0
2022-06-29 00:00:00+00:00,41.0,11.0,5.0,285.7,0.07317073170731707,0.024390243902439025,0.0,0.45454545454545453
2022-06-30 00:00:00+00:00,25.0,6.0,0.0,65.68,0.12,0.0,0.0,0.0
2022-07-01 00:00:00+00:00,6.0,4.0,0.0,86.0,0.0,0.0,0.0,0.0
2022-07-02 00:00:00+00:00,4.0,2.0,0.0,26.0,0.0,0.0,0.0,0.0
2022-07-03 00:00:00+00:00,8.0,5.0,1.0,194.875,0.125,0.0,0.0,0.2
2022-07-04 00:00:00+00:00,4.0,3.0,0.0,527.25,0.25,0.0,0.0,0.0
2022-07-05 00:00:00+00:00,23.0,6.0,3.0,394.04347826086956,0.08695652173913043,0.0,0.0,0.5
2022-07-06 00:00:00+00:00,6.0,5.0,4.0,207.66666666666666,0.5,0.0,0.0,0.8
2022-07-07 00:00:00+00:00,1.0,1.0,1.0,51.0,0.0,0.0,0.0,1.0
2022-07-08 00:00:00+00:00,3.0,2.0,0.0,910.6666666666666,0.3333333333333333,0.0,0.0,0.0
2022-07-09 00:00:00+00:00,8.0,6.0,4.0,255.14285714285714,0.25,0.125,0.0,0.6666666666666666
2022-07-10 00:00:00+00:00,3.0,3.0,1.0,235.66666666666666,0.6666666666666666,0.0,0.0,0.3333333333333333
2022-07-11 00:00:00+00:00,1.0,1.0,0.0,0.0,0.0,1.0,0.0,0.0
2022-07-12 00:00:00+00:00,1.0,1.0,1.0,11.0,0.0,0.0,0.0,1.0
2022-07-13 00:00:00+00:00,12.0,3.0,1.0,999.5,0.16666666666666666,0.0,0.0,0.3333333333333333
2022-07-14 00:00:00+00:00,10.0,1.0,0.0,2865.9,0.0,0.0,0.0,0.0
2022-07-15 00:00:00+00:00,10.0,2.0,0.0,225.2,0.0,0.0,0.0,0.0
2022-07-16 00:00:00+00:00,31.0,6.0,2.0,588.4516129032259,0.06451612903225806,0.0,0.0,0.3333333333333333
2022-07-17 00:00:00+00:00,4.0,2.0,1.0,131.0,0.0,0.0,0.0,0.5
2022-07-18 00:00:00+00:00,10.0,2.0,0.0,146.9,0.1,0.0,0.0,0.0
2022-07-19 00:00:00+00:00,32.0,5.0,1.0,691.71875,0.28125,0.0,0.0,0.2
2022-07-20 00:00:00+00:00,3.0,2.0,0.0,62.333333333333336,0.0,0.0,0.0,0.0
2022-07-21 00:00:00+00:00,13.0,3.0,0.0,257.84615384615387,0.15384615384615385,0.0,0.0,0.0
2022-07-22 00:00:00+00:00,2.0,2.0,0.0,116.0,0.0,0.5,0.0,0.0
2022-07-23 00:00:00+00:00,13.0,3.0,1.0,151.07692307692307,0.0,0.0,0.0,0.3333333333333333
2022-07-24 00:00:00+00:00,9.0,3.0,0.0,167.0,0.1111111111111111,0.0,0.0,0.0
2022-07-25 00:00:00+00:00,10.0,6.0,2.0,268.9,0.4,0.0,0.0,0.3333333333333333
2022-07-26 00:00:00+00:00,1.0,1.0,1.0,513.0,0.0,0.0,0.0,1.0
2022-07-27 00:00:00+00:00,18.0,7.0,1.0,535.8235294117648,0.2777777777777778,0.05555555555555555,0.0,0.14285714285714285
2022-07-28 00:00:00+00:00,1.0,1.0,0.0,7.0,0.0,0.0,0.0,0.0
2022-07-29 00:00:00+00:00,0.0,0.0,0.0,0.0,0.0,0.0,0.0,0.0
2022-07-30 00:00:00+00:00,1.0,1.0,1.0,19.0,0.0,0.0,0.0,1.0
2022-07-31 00:00:00+00:00,0.0,0.0,0.0,0.0,0.0,0.0,0.0,0.0
2022-08-01 00:00:00+00:00,0.0,0.0,0.0,0.0,0.0,0.0,0.0,0.0
2022-08-02 00:00:00+00:00,0.0,0.0,0.0,0.0,0.0,0.0,0.0,0.0
2022-08-03 00:00:00+00:00,1.0,1.0,1.0,22.0,0.0,0.0,0.0,1.0
2022-08-04 00:00:00+00:00,4.0,1.0,0.0,31.25,0.0,0.0,0.0,0.0
2022-08-05 00:00:00+00:00,3.0,1.0,0.0,2263.6666666666665,0.6666666666666666,0.0,0.0,0.0
2022-08-06 00:00:00+00:00,0.0,0.0,0.0,0.0,0.0,0.0,0.0,0.0
2022-08-07 00:00:00+00:00,1.0,1.0,0.0,0.0,0.0,0.0,0.0,0.0
2022-08-08 00:00:00+00:00,2.0,2.0,2.0,31.0,0.5,0.0,0.0,1.0
2022-08-09 00:00:00+00:00,4.0,2.0,1.0,735.25,0.0,0.0,0.0,0.5
2022-08-10 00:00:00+00:00,0.0,0.0,0.0,0.0,0.0,0.0,0.0,0.0
2022-08-11 00:00:00+00:00,3.0,3.0,1.0,174.5,0.0,0.3333333333333333,0.0,0.3333333333333333
2022-08-12 00:00:00+00:00,4.0,3.0,1.0,97.25,0.25,0.0,0.0,0.3333333333333333
2022-08-13 00:00:00+00:00,2.0,2.0,1.0,0.0,0.5,0.0,0.0,0.5
2022-08-14 00:00:00+00:00,1.0,1.0,1.0,4.0,0.0,0.0,0.0,1.0
2022-08-15 00:00:00+00:00,0.0,0.0,0.0,0.0,0.0,0.0,0.0,0.0
2022-08-16 00:00:00+00:00,0.0,0.0,0.0,0.0,0.0,0.0,0.0,0.0
2022-08-17 00:00:00+00:00,2.0,1.0,0.0,7.0,0.0,0.0,0.0,0.0
2022-08-18 00:00:00+00:00,0.0,0.0,0.0,0.0,0.0,0.0,0.0,0.0
2022-08-19 00:00:00+00:00,0.0,0.0,0.0,0.0,0.0,0.0,0.0,0.0
2022-08-20 00:00:00+00:00,4.0,4.0,0.0,298.0,0.5,0.0,0.0,0.0
2022-08-21 00:00:00+00:00,4.0,3.0,1.0,461.0,0.25,0.0,0.0,0.3333333333333333
2022-08-22 00:00:00+00:00,5.0,3.0,2.0,71.2,0.4,0.0,0.0,0.6666666666666666
2022-08-23 00:00:00+00:00,2.0,2.0,1.0,10.0,0.0,0.5,0.0,0.5
2022-08-24 00:00:00+00:00,0.0,0.0,0.0,0.0,0.0,0.0,0.0,0.0
2022-08-25 00:00:00+00:00,0.0,0.0,0.0,0.0,0.0,0.0,0.0,0.0
2022-08-26 00:00:00+00:00,0.0,0.0,0.0,0.0,0.0,0.0,0.0,0.0
2022-08-27 00:00:00+00:00,2.0,2.0,0.0,943.0,0.5,0.0,0.0,0.0
2022-08-28 00:00:00+00:00,0.0,0.0,0.0,0.0,0.0,0.0,0.0,0.0
2022-08-29 00:00:00+00:00,1.0,1.0,0.0,15.0,0.0,0.0,0.0,0.0
2022-08-30 00:00:00+00:00,2.0,2.0,1.0,1.5,0.0,0.0,0.0,0.5
2022-08-31 00:00:00+00:00,3.0,2.0,0.0,634.6666666666666,0.6666666666666666,0.0,0.0,0.0
2022-09-01 00:00:00+00:00,0.0,0.0,0.0,0.0,0.0,0.0,0.0,0.0
2022-09-02 00:00:00+00:00,3.0,2.0,1.0,5.0,0.3333333333333333,0.0,0.0,0.5
2022-09-03 00:00:00+00:00,0.0,0.0,0.0,0.0,0.0,0.0,0.0,0.0
2022-09-04 00:00:00+00:00,1.0,1.0,1.0,59.0,0.0,0.0,0.0,1.0
2022-09-05 00:00:00+00:00,2.0,1.0,0.0,718.0,0.0,0.0,0.0,0.0
2022-09-06 00:00:00+00:00,4.0,3.0,2.0,5044.0,0.25,0.0,0.0,0.6666666666666666
2022-09-07 00:00:00+00:00,0.0,0.0,0.0,0.0,0.0,0.0,0.0,0.0
2022-09-08 00:00:00+00:00,0.0,0.0,0.0,0.0,0.0,0.0,0.0,0.0
2022-09-09 00:00:00+00:00,0.0,0.0,0.0,0.0,0.0,0.0,0.0,0.0
2022-09-10 00:00:00+00:00,0.0,0.0,0.0,0.0,0.0,0.0,0.0,0.0
2022-09-11 00:00:00+00:00,1.0,1.0,0.0,3487.0,0.0,0.0,0.0,0.0
2022-09-12 00:00:00+00:00,0.0,0.0,0.0,0.0,0.0,0.0,0.0,0.0
2022-09-13 00:00:00+00:00,0.0,0.0,0.0,0.0,0.0,0.0,0.0,0.0
2022-09-14 00:00:00+00:00,0.0,0.0,0.0,0.0,0.0,0.0,0.0,0.0
2022-09-15 00:00:00+00:00,0.0,0.0,0.0,0.0,0.0,0.0,0.0,0.0
2022-09-16 00:00:00+00:00,2.0,2.0,0.0,421.0,0.0,0.5,0.0,0.0
2022-09-17 00:00:00+00:00,0.0,0.0,0.0,0.0,0.0,0.0,0.0,0.0
2022-09-18 00:00:00+00:00,0.0,0.0,0.0,0.0,0.0,0.0,0.0,0.0
2022-09-19 00:00:00+00:00,0.0,0.0,0.0,0.0,0.0,0.0,0.0,0.0
2022-09-20 00:00:00+00:00,0.0,0.0,0.0,0.0,0.0,0.0,0.0,0.0
2022-09-21 00:00:00+00:00,0.0,0.0,0.0,0.0,0.0,0.0,0.0,0.0
2022-09-22 00:00:00+00:00,1.0,1.0,0.0,37.0,0.0,0.0,0.0,0.0
2022-09-23 00:00:00+00:00,1.0,1.0,1.0,12.0,0.0,0.0,0.0,1.0
2022-09-24 00:00:00+00:00,1.0,1.0,0.0,4.0,0.0,0.0,0.0,0.0
2022-09-25 00:00:00+00:00,3.0,1.0,1.0,2.0,0.0,0.0,0.0,1.0
2022-09-26 00:00:00+00:00,4.0,4.0,3.0,1.5,0.5,0.0,0.0,0.75
2022-09-27 00:00:00+00:00,0.0,0.0,0.0,0.0,0.0,0.0,0.0,0.0
2022-09-28 00:00:00+00:00,1.0,1.0,1.0,2.0,0.0,0.0,0.0,1.0
2022-09-29 00:00:00+00:00,1.0,1.0,1.0,25.0,0.0,0.0,0.0,1.0
2022-09-30 00:00:00+00:00,1.0,1.0,1.0,4.0,0.0,0.0,0.0,1.0
2022-10-01 00:00:00+00:00,0.0,0.0,0.0,0.0,0.0,0.0,0.0,0.0
2022-10-02 00:00:00+00:00,0.0,0.0,0.0,0.0,0.0,0.0,0.0,0.0
2022-10-03 00:00:00+00:00,0.0,0.0,0.0,0.0,0.0,0.0,0.0,0.0
2022-10-04 00:00:00+00:00,2.0,1.0,1.0,3.0,0.0,0.0,0.0,1.0
2022-10-05 00:00:00+00:00,1.0,1.0,1.0,5.0,0.0,0.0,0.0,1.0
2022-10-06 00:00:00+00:00,1.0,1.0,1.0,0.0,0.0,0.0,0.0,1.0
2022-10-07 00:00:00+00:00,0.0,0.0,0.0,0.0,0.0,0.0,0.0,0.0
2022-10-08 00:00:00+00:00,0.0,0.0,0.0,0.0,0.0,0.0,0.0,0.0
2022-10-09 00:00:00+00:00,0.0,0.0,0.0,0.0,0.0,0.0,0.0,0.0
2022-10-10 00:00:00+00:00,1.0,1.0,0.0,4.0,0.0,0.0,0.0,0.0
2022-10-11 00:00:00+00:00,0.0,0.0,0.0,0.0,0.0,0.0,0.0,0.0
2022-10-12 00:00:00+00:00,0.0,0.0,0.0,0.0,0.0,0.0,0.0,0.0
2022-10-13 00:00:00+00:00,0.0,0.0,0.0,0.0,0.0,0.0,0.0,0.0
2022-10-14 00:00:00+00:00,0.0,0.0,0.0,0.0,0.0,0.0,0.0,0.0
2022-10-15 00:00:00+00:00,0.0,0.0,0.0,0.0,0.0,0.0,0.0,0.0
2022-10-16 00:00:00+00:00,0.0,0.0,0.0,0.0,0.0,0.0,0.0,0.0
2022-10-17 00:00:00+00:00,1.0,1.0,0.0,0.0,0.0,0.0,0.0,0.0
2022-10-18 00:00:00+00:00,0.0,0.0,0.0,0.0,0.0,0.0,0.0,0.0
2022-10-19 00:00:00+00:00,1.0,1.0,0.0,0.0,0.0,1.0,0.0,0.0
2022-10-20 00:00:00+00:00,0.0,0.0,0.0,0.0,0.0,0.0,0.0,0.0
2022-10-21 00:00:00+00:00,0.0,0.0,0.0,0.0,0.0,0.0,0.0,0.0
2022-10-22 00:00:00+00:00,0.0,0.0,0.0,0.0,0.0,0.0,0.0,0.0
2022-10-23 00:00:00+00:00,0.0,0.0,0.0,0.0,0.0,0.0,0.0,0.0
2022-10-24 00:00:00+00:00,2.0,2.0,2.0,0.0,0.5,0.0,0.0,1.0
2022-10-25 00:00:00+00:00,0.0,0.0,0.0,0.0,0.0,0.0,0.0,0.0
2022-10-26 00:00:00+00:00,0.0,0.0,0.0,0.0,0.0,0.0,0.0,0.0
2022-10-27 00:00:00+00:00,0.0,0.0,0.0,0.0,0.0,0.0,0.0,0.0
2022-10-28 00:00:00+00:00,0.0,0.0,0.0,0.0,0.0,0.0,0.0,0.0
2022-10-29 00:00:00+00:00,0.0,0.0,0.0,0.0,0.0,0.0,0.0,0.0
2022-10-30 00:00:00+00:00,2.0,1.0,0.0,165.5,0.0,0.0,0.0,0.0
2022-10-31 00:00:00+00:00,0.0,0.0,0.0,0.0,0.0,0.0,0.0,0.0
2022-11-01 00:00:00+00:00,0.0,0.0,0.0,0.0,0.0,0.0,0.0,0.0
2022-11-02 00:00:00+00:00,0.0,0.0,0.0,0.0,0.0,0.0,0.0,0.0
2022-11-03 00:00:00+00:00,0.0,0.0,0.0,0.0,0.0,0.0,0.0,0.0
2022-11-04 00:00:00+00:00,0.0,0.0,0.0,0.0,0.0,0.0,0.0,0.0
2022-11-05 00:00:00+00:00,0.0,0.0,0.0,0.0,0.0,0.0,0.0,0.0
2022-11-06 00:00:00+00:00,0.0,0.0,0.0,0.0,0.0,0.0,0.0,0.0
2022-11-07 00:00:00+00:00,0.0,0.0,0.0,0.0,0.0,0.0,0.0,0.0
2022-11-08 00:00:00+00:00,0.0,0.0,0.0,0.0,0.0,0.0,0.0,0.0
2022-11-09 00:00:00+00:00,0.0,0.0,0.0,0.0,0.0,0.0,0.0,0.0
2022-11-10 00:00:00+00:00,2.0,2.0,2.0,22.0,0.5,0.0,0.0,1.0
2022-11-11 00:00:00+00:00,0.0,0.0,0.0,0.0,0.0,0.0,0.0,0.0
2022-11-12 00:00:00+00:00,1.0,1.0,1.0,1.0,0.0,0.0,0.0,1.0
2022-11-13 00:00:00+00:00,0.0,0.0,0.0,0.0,0.0,0.0,0.0,0.0
2022-11-14 00:00:00+00:00,0.0,0.0,0.0,0.0,0.0,0.0,0.0,0.0
2022-11-15 00:00:00+00:00,0.0,0.0,0.0,0.0,0.0,0.0,0.0,0.0
2022-11-16 00:00:00+00:00,2.0,2.0,1.0,1.0,0.5,0.0,0.0,0.5
2022-11-17 00:00:00+00:00,0.0,0.0,0.0,0.0,0.0,0.0,0.0,0.0
2022-11-18 00:00:00+00:00,0.0,0.0,0.0,0.0,0.0,0.0,0.0,0.0
2022-11-19 00:00:00+00:00,0.0,0.0,0.0,0.0,0.0,0.0,0.0,0.0
2022-11-20 00:00:00+00:00,0.0,0.0,0.0,0.0,0.0,0.0,0.0,0.0
2022-11-21 00:00:00+00:00,0.0,0.0,0.0,0.0,0.0,0.0,0.0,0.0
2022-11-22 00:00:00+00:00,0.0,0.0,0.0,0.0,0.0,0.0,0.0,0.0
2022-11-23 00:00:00+00:00,1.0,1.0,0.0,0.0,0.0,1.0,0.0,0.0
2022-11-24 00:00:00+00:00,0.0,0.0,0.0,0.0,0.0,0.0,0.0,0.0
2022-11-25 00:00:00+00:00,2.0,2.0,1.0,564.0,0.5,0.0,0.0,0.5
2022-11-26 00:00:00+00:00,0.0,0.0,0.0,0.0,0.0,0.0,0.0,0.0
2022-11-27 00:00:00+00:00,0.0,0.0,0.0,0.0,0.0,0.0,0.0,0.0
2022-11-28 00:00:00+00:00,7.0,4.0,2.0,194.0,0.42857142857142855,0.0,0.0,0.5
2022-11-29 00:00:00+00:00,1.0,1.0,0.0,802.0,0.0,0.0,0.0,0.0
2022-11-30 00:00:00+00:00,0.0,0.0,0.0,0.0,0.0,0.0,0.0,0.0
2022-12-01 00:00:00+00:00,0.0,0.0,0.0,0.0,0.0,0.0,0.0,0.0
2022-12-02 00:00:00+00:00,0.0,0.0,0.0,0.0,0.0,0.0,0.0,0.0
2022-12-03 00:00:00+00:00,0.0,0.0,0.0,0.0,0.0,0.0,0.0,0.0
2022-12-04 00:00:00+00:00,0.0,0.0,0.0,0.0,0.0,0.0,0.0,0.0
2022-12-05 00:00:00+00:00,0.0,0.0,0.0,0.0,0.0,0.0,0.0,0.0
2022-12-06 00:00:00+00:00,2.0,1.0,1.0,4.5,0.0,0.0,0.0,1.0
2022-12-07 00:00:00+00:00,0.0,0.0,0.0,0.0,0.0,0.0,0.0,0.0
2022-12-08 00:00:00+00:00,0.0,0.0,0.0,0.0,0.0,0.0,0.0,0.0
2022-12-09 00:00:00+00:00,0.0,0.0,0.0,0.0,0.0,0.0,0.0,0.0
2022-12-10 00:00:00+00:00,0.0,0.0,0.0,0.0,0.0,0.0,0.0,0.0
2022-12-11 00:00:00+00:00,0.0,0.0,0.0,0.0,0.0,0.0,0.0,0.0
2022-12-12 00:00:00+00:00,0.0,0.0,0.0,0.0,0.0,0.0,0.0,0.0
2022-12-13 00:00:00+00:00,0.0,0.0,0.0,0.0,0.0,0.0,0.0,0.0
2022-12-14 00:00:00+00:00,0.0,0.0,0.0,0.0,0.0,0.0,0.0,0.0
2022-12-15 00:00:00+00:00,0.0,0.0,0.0,0.0,0.0,0.0,0.0,0.0
2022-12-16 00:00:00+00:00,0.0,0.0,0.0,0.0,0.0,0.0,0.0,0.0
2022-12-17 00:00:00+00:00,0.0,0.0,0.0,0.0,0.0,0.0,0.0,0.0
2022-12-18 00:00:00+00:00,0.0,0.0,0.0,0.0,0.0,0.0,0.0,0.0
2022-12-19 00:00:00+00:00,6.0,1.0,0.0,115.33333333333333,0.0,0.0,0.0,0.0
2022-12-20 00:00:00+00:00,2.0,1.0,0.0,298.5,0.0,0.0,0.0,0.0
2022-12-21 00:00:00+00:00,0.0,0.0,0.0,0.0,0.0,0.0,0.0,0.0
2022-12-22 00:00:00+00:00,2.0,2.0,1.0,20.0,0.0,0.0,0.0,0.5
2022-12-23 00:00:00+00:00,0.0,0.0,0.0,0.0,0.0,0.0,0.0,0.0
2022-12-24 00:00:00+00:00,0.0,0.0,0.0,0.0,0.0,0.0,0.0,0.0
2022-12-25 00:00:00+00:00,0.0,0.0,0.0,0.0,0.0,0.0,0.0,0.0
2022-12-26 00:00:00+00:00,3.0,2.0,0.0,2460.0,0.0,0.0,0.0,0.0
2022-12-27 00:00:00+00:00,1.0,1.0,1.0,24.0,0.0,0.0,0.0,1.0
2022-12-28 00:00:00+00:00,2.0,1.0,1.0,2.5,0.0,0.0,0.0,1.0
2022-12-29 00:00:00+00:00,1.0,1.0,0.0,0.0,0.0,1.0,0.0,0.0
2022-12-30 00:00:00+00:00,0.0,0.0,0.0,0.0,0.0,0.0,0.0,0.0
2022-12-31 00:00:00+00:00,0.0,0.0,0.0,0.0,0.0,0.0,0.0,0.0
2023-01-01 00:00:00+00:00,0.0,0.0,0.0,0.0,0.0,0.0,0.0,0.0
2023-01-02 00:00:00+00:00,0.0,0.0,0.0,0.0,0.0,0.0,0.0,0.0
2023-01-03 00:00:00+00:00,0.0,0.0,0.0,0.0,0.0,0.0,0.0,0.0
2023-01-04 00:00:00+00:00,0.0,0.0,0.0,0.0,0.0,0.0,0.0,0.0
2023-01-05 00:00:00+00:00,0.0,0.0,0.0,0.0,0.0,0.0,0.0,0.0
2023-01-06 00:00:00+00:00,1.0,1.0,1.0,8.0,0.0,0.0,0.0,1.0
2023-01-07 00:00:00+00:00,1.0,1.0,1.0,4.0,0.0,0.0,0.0,1.0
2023-01-08 00:00:00+00:00,0.0,0.0,0.0,0.0,0.0,0.0,0.0,0.0
2023-01-09 00:00:00+00:00,0.0,0.0,0.0,0.0,0.0,0.0,0.0,0.0
2023-01-10 00:00:00+00:00,0.0,0.0,0.0,0.0,0.0,0.0,0.0,0.0
2023-01-11 00:00:00+00:00,0.0,0.0,0.0,0.0,0.0,0.0,0.0,0.0
2023-01-12 00:00:00+00:00,2.0,2.0,2.0,47.0,0.5,0.0,0.0,1.0
2023-01-13 00:00:00+00:00,0.0,0.0,0.0,0.0,0.0,0.0,0.0,0.0
2023-01-14 00:00:00+00:00,0.0,0.0,0.0,0.0,0.0,0.0,0.0,0.0
2023-01-15 00:00:00+00:00,2.0,1.0,1.0,44.0,0.0,0.0,0.0,1.0
2023-01-16 00:00:00+00:00,0.0,0.0,0.0,0.0,0.0,0.0,0.0,0.0
2023-01-17 00:00:00+00:00,0.0,0.0,0.0,0.0,0.0,0.0,0.0,0.0
2023-01-18 00:00:00+00:00,0.0,0.0,0.0,0.0,0.0,0.0,0.0,0.0
2023-01-19 00:00:00+00:00,0.0,0.0,0.0,0.0,0.0,0.0,0.0,0.0
2023-01-20 00:00:00+00:00,1.0,1.0,0.0,4.0,0.0,0.0,0.0,0.0
2023-01-21 00:00:00+00:00,0.0,0.0,0.0,0.0,0.0,0.0,0.0,0.0
2023-01-22 00:00:00+00:00,0.0,0.0,0.0,0.0,0.0,0.0,0.0,0.0
2023-01-23 00:00:00+00:00,0.0,0.0,0.0,0.0,0.0,0.0,0.0,0.0
2023-01-24 00:00:00+00:00,0.0,0.0,0.0,0.0,0.0,0.0,0.0,0.0
2023-01-25 00:00:00+00:00,0.0,0.0,0.0,0.0,0.0,0.0,0.0,0.0
2023-01-26 00:00:00+00:00,0.0,0.0,0.0,0.0,0.0,0.0,0.0,0.0
2023-01-27 00:00:00+00:00,0.0,0.0,0.0,0.0,0.0,0.0,0.0,0.0
2023-01-28 00:00:00+00:00,0.0,0.0,0.0,0.0,0.0,0.0,0.0,0.0
2023-01-29 00:00:00+00:00,0.0,0.0,0.0,0.0,0.0,0.0,0.0,0.0
2023-01-30 00:00:00+00:00,0.0,0.0,0.0,0.0,0.0,0.0,0.0,0.0
2023-01-31 00:00:00+00:00,0.0,0.0,0.0,0.0,0.0,0.0,0.0,0.0
2023-02-01 00:00:00+00:00,0.0,0.0,0.0,0.0,0.0,0.0,0.0,0.0
2023-02-02 00:00:00+00:00,0.0,0.0,0.0,0.0,0.0,0.0,0.0,0.0
2023-02-03 00:00:00+00:00,0.0,0.0,0.0,0.0,0.0,0.0,0.0,0.0
2023-02-04 00:00:00+00:00,0.0,0.0,0.0,0.0,0.0,0.0,0.0,0.0
2023-02-05 00:00:00+00:00,0.0,0.0,0.0,0.0,0.0,0.0,0.0,0.0
2023-02-06 00:00:00+00:00,0.0,0.0,0.0,0.0,0.0,0.0,0.0,0.0
2023-02-07 00:00:00+00:00,0.0,0.0,0.0,0.0,0.0,0.0,0.0,0.0
2023-02-08 00:00:00+00:00,7.0,4.0,3.0,2056.5,0.2857142857142857,0.14285714285714285,0.0,0.75
2023-02-09 00:00:00+00:00,0.0,0.0,0.0,0.0,0.0,0.0,0.0,0.0
2023-02-10 00:00:00+00:00,0.0,0.0,0.0,0.0,0.0,0.0,0.0,0.0
2023-02-11 00:00:00+00:00,0.0,0.0,0.0,0.0,0.0,0.0,0.0,0.0
2023-02-12 00:00:00+00:00,0.0,0.0,0.0,0.0,0.0,0.0,0.0,0.0
2023-02-13 00:00:00+00:00,0.0,0.0,0.0,0.0,0.0,0.0,0.0,0.0
2023-02-14 00:00:00+00:00,0.0,0.0,0.0,0.0,0.0,0.0,0.0,0.0
2023-02-15 00:00:00+00:00,0.0,0.0,0.0,0.0,0.0,0.0,0.0,0.0
2023-02-16 00:00:00+00:00,0.0,0.0,0.0,0.0,0.0,0.0,0.0,0.0
2023-02-17 00:00:00+00:00,0.0,0.0,0.0,0.0,0.0,0.0,0.0,0.0
2023-02-18 00:00:00+00:00,8.0,2.0,2.0,198.375,0.0,0.0,0.0,1.0
2023-02-19 00:00:00+00:00,0.0,0.0,0.0,0.0,0.0,0.0,0.0,0.0
2023-02-20 00:00:00+00:00,0.0,0.0,0.0,0.0,0.0,0.0,0.0,0.0
2023-02-21 00:00:00+00:00,3.0,1.0,0.0,67.0,0.0,0.0,0.0,0.0
2023-02-22 00:00:00+00:00,0.0,0.0,0.0,0.0,0.0,0.0,0.0,0.0
2023-02-23 00:00:00+00:00,2.0,2.0,1.0,365.0,0.0,0.0,0.0,0.5
2023-02-24 00:00:00+00:00,0.0,0.0,0.0,0.0,0.0,0.0,0.0,0.0
2023-02-25 00:00:00+00:00,0.0,0.0,0.0,0.0,0.0,0.0,0.0,0.0
2023-02-26 00:00:00+00:00,0.0,0.0,0.0,0.0,0.0,0.0,0.0,0.0
2023-02-27 00:00:00+00:00,0.0,0.0,0.0,0.0,0.0,0.0,0.0,0.0
2023-02-28 00:00:00+00:00,0.0,0.0,0.0,0.0,0.0,0.0,0.0,0.0
2023-03-01 00:00:00+00:00,0.0,0.0,0.0,0.0,0.0,0.0,0.0,0.0
2023-03-02 00:00:00+00:00,0.0,0.0,0.0,0.0,0.0,0.0,0.0,0.0
2023-03-03 00:00:00+00:00,0.0,0.0,0.0,0.0,0.0,0.0,0.0,0.0
2023-03-04 00:00:00+00:00,0.0,0.0,0.0,0.0,0.0,0.0,0.0,0.0
2023-03-05 00:00:00+00:00,0.0,0.0,0.0,0.0,0.0,0.0,0.0,0.0
2023-03-06 00:00:00+00:00,0.0,0.0,0.0,0.0,0.0,0.0,0.0,0.0
2023-03-07 00:00:00+00:00,0.0,0.0,0.0,0.0,0.0,0.0,0.0,0.0
2023-03-08 00:00:00+00:00,0.0,0.0,0.0,0.0,0.0,0.0,0.0,0.0
2023-03-09 00:00:00+00:00,0.0,0.0,0.0,0.0,0.0,0.0,0.0,0.0
2023-03-10 00:00:00+00:00,0.0,0.0,0.0,0.0,0.0,0.0,0.0,0.0
2023-03-11 00:00:00+00:00,0.0,0.0,0.0,0.0,0.0,0.0,0.0,0.0
2023-03-12 00:00:00+00:00,1.0,1.0,0.0,5.0,0.0,0.0,0.0,0.0
2023-03-13 00:00:00+00:00,0.0,0.0,0.0,0.0,0.0,0.0,0.0,0.0
2023-03-14 00:00:00+00:00,0.0,0.0,0.0,0.0,0.0,0.0,0.0,0.0
2023-03-15 00:00:00+00:00,0.0,0.0,0.0,0.0,0.0,0.0,0.0,0.0
2023-03-16 00:00:00+00:00,0.0,0.0,0.0,0.0,0.0,0.0,0.0,0.0
2023-03-17 00:00:00+00:00,0.0,0.0,0.0,0.0,0.0,0.0,0.0,0.0
2023-03-18 00:00:00+00:00,1.0,1.0,1.0,331.0,0.0,0.0,0.0,1.0
2023-03-19 00:00:00+00:00,1.0,1.0,0.0,373.0,0.0,0.0,0.0,0.0
2023-03-20 00:00:00+00:00,3.0,1.0,0.0,1990.3333333333333,0.3333333333333333,0.0,0.0,0.0
2023-03-21 00:00:00+00:00,2.0,2.0,2.0,11.0,0.5,0.0,0.0,1.0
2023-03-22 00:00:00+00:00,2.0,2.0,1.0,21.0,0.5,0.0,0.0,0.5
2023-03-23 00:00:00+00:00,11.0,4.0,0.0,245.9090909090909,0.09090909090909091,0.0,0.0,0.0
2023-03-24 00:00:00+00:00,7.0,4.0,1.0,702.4285714285714,0.2857142857142857,0.0,0.0,0.25
2023-03-25 00:00:00+00:00,0.0,0.0,0.0,0.0,0.0,0.0,0.0,0.0
2023-03-26 00:00:00+00:00,3.0,1.0,0.0,198.33333333333334,0.0,0.0,0.0,0.0
2023-03-27 00:00:00+00:00,2.0,2.0,0.0,406.0,0.5,0.0,0.0,0.0
2023-03-28 00:00:00+00:00,2.0,2.0,0.0,721.5,0.5,0.0,0.0,0.0
2023-03-29 00:00:00+00:00,1.0,1.0,0.0,825.0,0.0,0.0,0.0,0.0
2023-03-30 00:00:00+00:00,5.0,2.0,1.0,369.0,0.2,0.2,0.0,0.5
2023-03-31 00:00:00+00:00,22.0,5.0,1.0,158.52380952380952,0.045454545454545456,0.045454545454545456,0.0,0.2
2023-04-01 00:00:00+00:00,32.0,5.0,0.0,564.75,0.03125,0.0,0.0,0.0
2023-04-02 00:00:00+00:00,19.0,4.0,1.0,148.55555555555554,0.0,0.05263157894736842,0.0,0.25
2023-04-03 00:00:00+00:00,16.0,3.0,0.0,508.8666666666667,0.0625,0.0625,0.0,0.0
2023-04-04 00:00:00+00:00,7.0,2.0,0.0,83.71428571428571,0.0,0.0,0.0,0.0
2023-04-05 00:00:00+00:00,7.0,4.0,0.0,26.142857142857142,0.0,0.0,0.0,0.0
2023-04-06 00:00:00+00:00,0.0,0.0,0.0,0.0,0.0,0.0,0.0,0.0
2023-04-07 00:00:00+00:00,0.0,0.0,0.0,0.0,0.0,0.0,0.0,0.0
2023-04-08 00:00:00+00:00,0.0,0.0,0.0,0.0,0.0,0.0,0.0,0.0
2023-04-09 00:00:00+00:00,0.0,0.0,0.0,0.0,0.0,0.0,0.0,0.0
2023-04-10 00:00:00+00:00,0.0,0.0,0.0,0.0,0.0,0.0,0.0,0.0
2023-04-11 00:00:00+00:00,1.0,1.0,1.0,5.0,0.0,0.0,0.0,1.0
2023-04-12 00:00:00+00:00,4.0,4.0,1.0,220.0,0.5,0.0,0.0,0.25
2023-04-13 00:00:00+00:00,0.0,0.0,0.0,0.0,0.0,0.0,0.0,0.0
2023-04-14 00:00:00+00:00,2.0,2.0,0.0,75.0,0.0,0.5,0.0,0.0
2023-04-15 00:00:00+00:00,0.0,0.0,0.0,0.0,0.0,0.0,0.0,0.0
2023-04-16 00:00:00+00:00,0.0,0.0,0.0,0.0,0.0,0.0,0.0,0.0
2023-04-17 00:00:00+00:00,2.0,2.0,1.0,19.0,0.5,0.0,0.0,0.5
2023-04-18 00:00:00+00:00,0.0,0.0,0.0,0.0,0.0,0.0,0.0,0.0
2023-04-19 00:00:00+00:00,0.0,0.0,0.0,0.0,0.0,0.0,0.0,0.0
2023-04-20 00:00:00+00:00,0.0,0.0,0.0,0.0,0.0,0.0,0.0,0.0
2023-04-21 00:00:00+00:00,37.0,3.0,0.0,289.9189189189189,0.08108108108108109,0.0,0.0,0.0
2023-04-22 00:00:00+00:00,2.0,1.0,0.0,8.0,0.0,0.0,0.0,0.0
2023-04-23 00:00:00+00:00,6.0,1.0,0.0,429.3333333333333,0.0,0.0,0.0,0.0
2023-04-24 00:00:00+00:00,12.0,4.0,0.0,129.1,0.08333333333333333,0.16666666666666666,0.0,0.0
2023-04-25 00:00:00+00:00,1.0,1.0,0.0,31.0,0.0,0.0,0.0,0.0
2023-04-26 00:00:00+00:00,3.0,3.0,3.0,13.666666666666666,0.3333333333333333,0.0,0.0,1.0
2023-04-27 00:00:00+00:00,0.0,0.0,0.0,0.0,0.0,0.0,0.0,0.0
2023-04-28 00:00:00+00:00,0.0,0.0,0.0,0.0,0.0,0.0,0.0,0.0
2023-04-29 00:00:00+00:00,0.0,0.0,0.0,0.0,0.0,0.0,0.0,0.0
2023-04-30 00:00:00+00:00,0.0,0.0,0.0,0.0,0.0,0.0,0.0,0.0
2023-05-01 00:00:00+00:00,2.0,2.0,1.0,2595.0,0.5,0.0,0.0,0.5
2023-05-02 00:00:00+00:00,2.0,1.0,1.0,9.0,0.0,0.0,0.0,1.0
2023-05-03 00:00:00+00:00,1.0,1.0,0.0,18.0,1.0,0.0,0.0,0.0
2023-05-04 00:00:00+00:00,0.0,0.0,0.0,0.0,0.0,0.0,0.0,0.0
2023-05-05 00:00:00+00:00,0.0,0.0,0.0,0.0,0.0,0.0,0.0,0.0
2023-05-06 00:00:00+00:00,0.0,0.0,0.0,0.0,0.0,0.0,0.0,0.0
2023-05-07 00:00:00+00:00,0.0,0.0,0.0,0.0,0.0,0.0,0.0,0.0
2023-05-08 00:00:00+00:00,2.0,2.0,1.0,5.0,0.5,0.0,0.0,0.5
2023-05-09 00:00:00+00:00,0.0,0.0,0.0,0.0,0.0,0.0,0.0,0.0
2023-05-10 00:00:00+00:00,0.0,0.0,0.0,0.0,0.0,0.0,0.0,0.0
2023-05-11 00:00:00+00:00,0.0,0.0,0.0,0.0,0.0,0.0,0.0,0.0
2023-05-12 00:00:00+00:00,0.0,0.0,0.0,0.0,0.0,0.0,0.0,0.0
2023-05-13 00:00:00+00:00,0.0,0.0,0.0,0.0,0.0,0.0,0.0,0.0
2023-05-14 00:00:00+00:00,0.0,0.0,0.0,0.0,0.0,0.0,0.0,0.0
2023-05-15 00:00:00+00:00,0.0,0.0,0.0,0.0,0.0,0.0,0.0,0.0
2023-05-16 00:00:00+00:00,0.0,0.0,0.0,0.0,0.0,0.0,0.0,0.0
2023-05-17 00:00:00+00:00,0.0,0.0,0.0,0.0,0.0,0.0,0.0,0.0
2023-05-18 00:00:00+00:00,0.0,0.0,0.0,0.0,0.0,0.0,0.0,0.0
2023-05-19 00:00:00+00:00,6.0,4.0,2.0,10.0,0.3333333333333333,0.0,0.0,0.5
2023-05-20 00:00:00+00:00,0.0,0.0,0.0,0.0,0.0,0.0,0.0,0.0
2023-05-21 00:00:00+00:00,0.0,0.0,0.0,0.0,0.0,0.0,0.0,0.0
2023-05-22 00:00:00+00:00,0.0,0.0,0.0,0.0,0.0,0.0,0.0,0.0
2023-05-23 00:00:00+00:00,0.0,0.0,0.0,0.0,0.0,0.0,0.0,0.0
2023-05-24 00:00:00+00:00,0.0,0.0,0.0,0.0,0.0,0.0,0.0,0.0
2023-05-25 00:00:00+00:00,1.0,1.0,0.0,0.0,0.0,1.0,0.0,0.0
2023-05-26 00:00:00+00:00,1.0,1.0,1.0,4.0,0.0,0.0,0.0,1.0
2023-05-27 00:00:00+00:00,1.0,1.0,1.0,116.0,0.0,0.0,0.0,1.0
2023-05-28 00:00:00+00:00,0.0,0.0,0.0,0.0,0.0,0.0,0.0,0.0
2023-05-29 00:00:00+00:00,0.0,0.0,0.0,0.0,0.0,0.0,0.0,0.0
2023-05-30 00:00:00+00:00,2.0,2.0,1.0,118.0,0.5,0.0,0.0,0.5
2023-05-31 00:00:00+00:00,0.0,0.0,0.0,0.0,0.0,0.0,0.0,0.0
2023-06-01 00:00:00+00:00,0.0,0.0,0.0,0.0,0.0,0.0,0.0,0.0
2023-06-02 00:00:00+00:00,0.0,0.0,0.0,0.0,0.0,0.0,0.0,0.0
2023-06-03 00:00:00+00:00,1.0,1.0,1.0,665.0,0.0,0.0,0.0,1.0
2023-06-04 00:00:00+00:00,0.0,0.0,0.0,0.0,0.0,0.0,0.0,0.0
2023-06-05 00:00:00+00:00,0.0,0.0,0.0,0.0,0.0,0.0,0.0,0.0
2023-06-06 00:00:00+00:00,0.0,0.0,0.0,0.0,0.0,0.0,0.0,0.0
2023-06-07 00:00:00+00:00,0.0,0.0,0.0,0.0,0.0,0.0,0.0,0.0
2023-06-08 00:00:00+00:00,0.0,0.0,0.0,0.0,0.0,0.0,0.0,0.0
2023-06-09 00:00:00+00:00,0.0,0.0,0.0,0.0,0.0,0.0,0.0,0.0
2023-06-10 00:00:00+00:00,0.0,0.0,0.0,0.0,0.0,0.0,0.0,0.0
2023-06-11 00:00:00+00:00,0.0,0.0,0.0,0.0,0.0,0.0,0.0,0.0
2023-06-12 00:00:00+00:00,0.0,0.0,0.0,0.0,0.0,0.0,0.0,0.0
2023-06-13 00:00:00+00:00,0.0,0.0,0.0,0.0,0.0,0.0,0.0,0.0
2023-06-14 00:00:00+00:00,0.0,0.0,0.0,0.0,0.0,0.0,0.0,0.0
2023-06-15 00:00:00+00:00,0.0,0.0,0.0,0.0,0.0,0.0,0.0,0.0
2023-06-16 00:00:00+00:00,4.0,4.0,2.0,723.3333333333334,0.0,0.25,0.0,0.5
2023-06-17 00:00:00+00:00,1.0,1.0,0.0,2166.0,1.0,0.0,0.0,0.0
2023-06-18 00:00:00+00:00,0.0,0.0,0.0,0.0,0.0,0.0,0.0,0.0
2023-06-19 00:00:00+00:00,0.0,0.0,0.0,0.0,0.0,0.0,0.0,0.0
2023-06-20 00:00:00+00:00,2.0,2.0,1.0,1779.0,0.0,0.0,0.0,0.5
2023-06-21 00:00:00+00:00,2.0,1.0,0.0,748.0,0.0,0.0,0.0,0.0
2023-06-22 00:00:00+00:00,0.0,0.0,0.0,0.0,0.0,0.0,0.0,0.0
2023-06-23 00:00:00+00:00,0.0,0.0,0.0,0.0,0.0,0.0,0.0,0.0
2023-06-24 00:00:00+00:00,0.0,0.0,0.0,0.0,0.0,0.0,0.0,0.0
2023-06-25 00:00:00+00:00,0.0,0.0,0.0,0.0,0.0,0.0,0.0,0.0
2023-06-26 00:00:00+00:00,0.0,0.0,0.0,0.0,0.0,0.0,0.0,0.0
2023-06-27 00:00:00+00:00,1.0,1.0,1.0,4.0,0.0,0.0,0.0,1.0
2023-06-28 00:00:00+00:00,0.0,0.0,0.0,0.0,0.0,0.0,0.0,0.0
2023-06-29 00:00:00+00:00,0.0,0.0,0.0,0.0,0.0,0.0,0.0,0.0
2023-06-30 00:00:00+00:00,0.0,0.0,0.0,0.0,0.0,0.0,0.0,0.0
2023-07-01 00:00:00+00:00,0.0,0.0,0.0,0.0,0.0,0.0,0.0,0.0
2023-07-02 00:00:00+00:00,0.0,0.0,0.0,0.0,0.0,0.0,0.0,0.0
2023-07-03 00:00:00+00:00,0.0,0.0,0.0,0.0,0.0,0.0,0.0,0.0
2023-07-04 00:00:00+00:00,0.0,0.0,0.0,0.0,0.0,0.0,0.0,0.0
2023-07-05 00:00:00+00:00,0.0,0.0,0.0,0.0,0.0,0.0,0.0,0.0
2023-07-06 00:00:00+00:00,8.0,1.0,0.0,4.25,0.0,0.0,0.0,0.0
2023-07-07 00:00:00+00:00,1.0,1.0,0.0,45.0,0.0,0.0,0.0,0.0
2023-07-08 00:00:00+00:00,0.0,0.0,0.0,0.0,0.0,0.0,0.0,0.0
2023-07-09 00:00:00+00:00,0.0,0.0,0.0,0.0,0.0,0.0,0.0,0.0
2023-07-10 00:00:00+00:00,0.0,0.0,0.0,0.0,0.0,0.0,0.0,0.0
2023-07-11 00:00:00+00:00,0.0,0.0,0.0,0.0,0.0,0.0,0.0,0.0
2023-07-12 00:00:00+00:00,0.0,0.0,0.0,0.0,0.0,0.0,0.0,0.0
2023-07-13 00:00:00+00:00,0.0,0.0,0.0,0.0,0.0,0.0,0.0,0.0
2023-07-14 00:00:00+00:00,0.0,0.0,0.0,0.0,0.0,0.0,0.0,0.0
2023-07-15 00:00:00+00:00,0.0,0.0,0.0,0.0,0.0,0.0,0.0,0.0
2023-07-16 00:00:00+00:00,0.0,0.0,0.0,0.0,0.0,0.0,0.0,0.0
2023-07-17 00:00:00+00:00,0.0,0.0,0.0,0.0,0.0,0.0,0.0,0.0
2023-07-18 00:00:00+00:00,0.0,0.0,0.0,0.0,0.0,0.0,0.0,0.0
2023-07-19 00:00:00+00:00,0.0,0.0,0.0,0.0,0.0,0.0,0.0,0.0
2023-07-20 00:00:00+00:00,1.0,1.0,1.0,396.0,0.0,0.0,0.0,1.0
2023-07-21 00:00:00+00:00,0.0,0.0,0.0,0.0,0.0,0.0,0.0,0.0
2023-07-22 00:00:00+00:00,0.0,0.0,0.0,0.0,0.0,0.0,0.0,0.0
2023-07-23 00:00:00+00:00,2.0,1.0,0.0,10.0,0.0,0.0,0.0,0.0
2023-07-24 00:00:00+00:00,0.0,0.0,0.0,0.0,0.0,0.0,0.0,0.0
2023-07-25 00:00:00+00:00,0.0,0.0,0.0,0.0,0.0,0.0,0.0,0.0
2023-07-26 00:00:00+00:00,3.0,3.0,2.0,106.0,0.3333333333333333,0.0,0.0,0.6666666666666666
2023-07-27 00:00:00+00:00,0.0,0.0,0.0,0.0,0.0,0.0,0.0,0.0
2023-07-28 00:00:00+00:00,0.0,0.0,0.0,0.0,0.0,0.0,0.0,0.0
2023-07-29 00:00:00+00:00,1.0,1.0,1.0,2.0,0.0,0.0,0.0,1.0
2023-07-30 00:00:00+00:00,0.0,0.0,0.0,0.0,0.0,0.0,0.0,0.0
2023-07-31 00:00:00+00:00,0.0,0.0,0.0,0.0,0.0,0.0,0.0,0.0
2023-08-01 00:00:00+00:00,1.0,1.0,0.0,4.0,0.0,0.0,0.0,0.0
2023-08-02 00:00:00+00:00,0.0,0.0,0.0,0.0,0.0,0.0,0.0,0.0
2023-08-03 00:00:00+00:00,0.0,0.0,0.0,0.0,0.0,0.0,0.0,0.0
2023-08-04 00:00:00+00:00,0.0,0.0,0.0,0.0,0.0,0.0,0.0,0.0
2023-08-05 00:00:00+00:00,4.0,2.0,0.0,319.3333333333333,0.0,0.25,0.0,0.0
2023-08-06 00:00:00+00:00,0.0,0.0,0.0,0.0,0.0,0.0,0.0,0.0
2023-08-07 00:00:00+00:00,0.0,0.0,0.0,0.0,0.0,0.0,0.0,0.0
2023-08-08 00:00:00+00:00,0.0,0.0,0.0,0.0,0.0,0.0,0.0,0.0
2023-08-09 00:00:00+00:00,1.0,1.0,1.0,122.0,0.0,0.0,0.0,1.0
2023-08-10 00:00:00+00:00,0.0,0.0,0.0,0.0,0.0,0.0,0.0,0.0
2023-08-11 00:00:00+00:00,0.0,0.0,0.0,0.0,0.0,0.0,0.0,0.0
2023-08-12 00:00:00+00:00,0.0,0.0,0.0,0.0,0.0,0.0,0.0,0.0
2023-08-13 00:00:00+00:00,0.0,0.0,0.0,0.0,0.0,0.0,0.0,0.0
2023-08-14 00:00:00+00:00,0.0,0.0,0.0,0.0,0.0,0.0,0.0,0.0
2023-08-15 00:00:00+00:00,0.0,0.0,0.0,0.0,0.0,0.0,0.0,0.0
2023-08-16 00:00:00+00:00,3.0,3.0,3.0,80.66666666666667,0.0,0.0,0.0,1.0
2023-08-17 00:00:00+00:00,0.0,0.0,0.0,0.0,0.0,0.0,0.0,0.0
2023-08-18 00:00:00+00:00,2.0,2.0,2.0,28.5,0.0,0.0,0.0,1.0
2023-08-19 00:00:00+00:00,0.0,0.0,0.0,0.0,0.0,0.0,0.0,0.0
2023-08-20 00:00:00+00:00,2.0,2.0,2.0,17.5,0.0,0.0,0.0,1.0
2023-08-21 00:00:00+00:00,6.0,3.0,3.0,59.2,0.0,0.16666666666666666,0.0,1.0
2023-08-22 00:00:00+00:00,0.0,0.0,0.0,0.0,0.0,0.0,0.0,0.0
2023-08-23 00:00:00+00:00,0.0,0.0,0.0,0.0,0.0,0.0,0.0,0.0
2023-08-24 00:00:00+00:00,1.0,1.0,1.0,36.0,0.0,0.0,0.0,1.0
2023-08-25 00:00:00+00:00,0.0,0.0,0.0,0.0,0.0,0.0,0.0,0.0
2023-08-26 00:00:00+00:00,2.0,2.0,1.0,302.5,0.0,0.0,0.0,0.5
2023-08-27 00:00:00+00:00,0.0,0.0,0.0,0.0,0.0,0.0,0.0,0.0
2023-08-28 00:00:00+00:00,1.0,1.0,0.0,0.0,0.0,1.0,0.0,0.0
2023-08-29 00:00:00+00:00,0.0,0.0,0.0,0.0,0.0,0.0,0.0,0.0
2023-08-30 00:00:00+00:00,0.0,0.0,0.0,0.0,0.0,0.0,0.0,0.0
2023-08-31 00:00:00+00:00,0.0,0.0,0.0,0.0,0.0,0.0,0.0,0.0
2023-09-01 00:00:00+00:00,1.0,1.0,1.0,47.0,0.0,0.0,0.0,1.0
2023-09-02 00:00:00+00:00,0.0,0.0,0.0,0.0,0.0,0.0,0.0,0.0
2023-09-03 00:00:00+00:00,0.0,0.0,0.0,0.0,0.0,0.0,0.0,0.0
2023-09-04 00:00:00+00:00,0.0,0.0,0.0,0.0,0.0,0.0,0.0,0.0
2023-09-05 00:00:00+00:00,0.0,0.0,0.0,0.0,0.0,0.0,0.0,0.0
2023-09-06 00:00:00+00:00,2.0,1.0,1.0,177.0,0.0,0.0,0.0,1.0
2023-09-07 00:00:00+00:00,0.0,0.0,0.0,0.0,0.0,0.0,0.0,0.0
2023-09-08 00:00:00+00:00,0.0,0.0,0.0,0.0,0.0,0.0,0.0,0.0
2023-09-09 00:00:00+00:00,5.0,1.0,1.0,1016.8,0.0,0.0,0.0,1.0
2023-09-10 00:00:00+00:00,3.0,1.0,0.0,301.6666666666667,0.0,0.0,0.0,0.0
2023-09-11 00:00:00+00:00,0.0,0.0,0.0,0.0,0.0,0.0,0.0,0.0
2023-09-12 00:00:00+00:00,2.0,1.0,0.0,67.0,0.0,0.0,0.0,0.0
2023-09-13 00:00:00+00:00,0.0,0.0,0.0,0.0,0.0,0.0,0.0,0.0
2023-09-14 00:00:00+00:00,2.0,1.0,0.0,453.5,0.0,0.0,0.0,0.0
2023-09-15 00:00:00+00:00,0.0,0.0,0.0,0.0,0.0,0.0,0.0,0.0
2023-09-16 00:00:00+00:00,0.0,0.0,0.0,0.0,0.0,0.0,0.0,0.0
2023-09-17 00:00:00+00:00,1.0,1.0,1.0,0.0,0.0,0.0,0.0,1.0
2023-09-18 00:00:00+00:00,2.0,2.0,0.0,213.0,0.0,0.0,0.0,0.0
2023-09-19 00:00:00+00:00,1.0,1.0,1.0,12.0,0.0,0.0,0.0,1.0
2023-09-20 00:00:00+00:00,0.0,0.0,0.0,0.0,0.0,0.0,0.0,0.0
2023-09-21 00:00:00+00:00,0.0,0.0,0.0,0.0,0.0,0.0,0.0,0.0
2023-09-22 00:00:00+00:00,0.0,0.0,0.0,0.0,0.0,0.0,0.0,0.0
2023-09-23 00:00:00+00:00,0.0,0.0,0.0,0.0,0.0,0.0,0.0,0.0
2023-09-24 00:00:00+00:00,0.0,0.0,0.0,0.0,0.0,0.0,0.0,0.0
2023-09-25 00:00:00+00:00,0.0,0.0,0.0,0.0,0.0,0.0,0.0,0.0
2023-09-26 00:00:00+00:00,0.0,0.0,0.0,0.0,0.0,0.0,0.0,0.0
2023-09-27 00:00:00+00:00,0.0,0.0,0.0,0.0,0.0,0.0,0.0,0.0
2023-09-28 00:00:00+00:00,1.0,1.0,1.0,646.0,0.0,0.0,0.0,1.0
2023-09-29 00:00:00+00:00,0.0,0.0,0.0,0.0,0.0,0.0,0.0,0.0
2023-09-30 00:00:00+00:00,1.0,1.0,1.0,6.0,0.0,0.0,0.0,1.0
2023-10-01 00:00:00+00:00,1.0,1.0,0.0,6.0,1.0,0.0,0.0,0.0
2023-10-02 00:00:00+00:00,0.0,0.0,0.0,0.0,0.0,0.0,0.0,0.0
2023-10-03 00:00:00+00:00,0.0,0.0,0.0,0.0,0.0,0.0,0.0,0.0
2023-10-04 00:00:00+00:00,0.0,0.0,0.0,0.0,0.0,0.0,0.0,0.0
2023-10-05 00:00:00+00:00,0.0,0.0,0.0,0.0,0.0,0.0,0.0,0.0
2023-10-06 00:00:00+00:00,0.0,0.0,0.0,0.0,0.0,0.0,0.0,0.0
2023-10-07 00:00:00+00:00,0.0,0.0,0.0,0.0,0.0,0.0,0.0,0.0
2023-10-08 00:00:00+00:00,0.0,0.0,0.0,0.0,0.0,0.0,0.0,0.0
2023-10-09 00:00:00+00:00,0.0,0.0,0.0,0.0,0.0,0.0,0.0,0.0
2023-10-10 00:00:00+00:00,0.0,0.0,0.0,0.0,0.0,0.0,0.0,0.0
2023-10-11 00:00:00+00:00,0.0,0.0,0.0,0.0,0.0,0.0,0.0,0.0
2023-10-12 00:00:00+00:00,0.0,0.0,0.0,0.0,0.0,0.0,0.0,0.0
2023-10-13 00:00:00+00:00,0.0,0.0,0.0,0.0,0.0,0.0,0.0,0.0
2023-10-14 00:00:00+00:00,0.0,0.0,0.0,0.0,0.0,0.0,0.0,0.0
2023-10-15 00:00:00+00:00,0.0,0.0,0.0,0.0,0.0,0.0,0.0,0.0
2023-10-16 00:00:00+00:00,0.0,0.0,0.0,0.0,0.0,0.0,0.0,0.0
2023-10-17 00:00:00+00:00,0.0,0.0,0.0,0.0,0.0,0.0,0.0,0.0
2023-10-18 00:00:00+00:00,0.0,0.0,0.0,0.0,0.0,0.0,0.0,0.0
2023-10-19 00:00:00+00:00,0.0,0.0,0.0,0.0,0.0,0.0,0.0,0.0
2023-10-20 00:00:00+00:00,0.0,0.0,0.0,0.0,0.0,0.0,0.0,0.0
2023-10-21 00:00:00+00:00,0.0,0.0,0.0,0.0,0.0,0.0,0.0,0.0
2023-10-22 00:00:00+00:00,0.0,0.0,0.0,0.0,0.0,0.0,0.0,0.0
2023-10-23 00:00:00+00:00,2.0,2.0,2.0,15.0,0.5,0.0,0.0,1.0
2023-10-24 00:00:00+00:00,0.0,0.0,0.0,0.0,0.0,0.0,0.0,0.0
2023-10-25 00:00:00+00:00,2.0,2.0,2.0,1.0,0.5,0.0,0.0,1.0
2023-10-26 00:00:00+00:00,0.0,0.0,0.0,0.0,0.0,0.0,0.0,0.0
2023-10-27 00:00:00+00:00,0.0,0.0,0.0,0.0,0.0,0.0,0.0,0.0
2023-10-28 00:00:00+00:00,0.0,0.0,0.0,0.0,0.0,0.0,0.0,0.0
2023-10-29 00:00:00+00:00,0.0,0.0,0.0,0.0,0.0,0.0,0.0,0.0
2023-10-30 00:00:00+00:00,0.0,0.0,0.0,0.0,0.0,0.0,0.0,0.0
2023-10-31 00:00:00+00:00,0.0,0.0,0.0,0.0,0.0,0.0,0.0,0.0
2023-11-01 00:00:00+00:00,0.0,0.0,0.0,0.0,0.0,0.0,0.0,0.0
2023-11-02 00:00:00+00:00,0.0,0.0,0.0,0.0,0.0,0.0,0.0,0.0
2023-11-03 00:00:00+00:00,0.0,0.0,0.0,0.0,0.0,0.0,0.0,0.0
2023-11-04 00:00:00+00:00,0.0,0.0,0.0,0.0,0.0,0.0,0.0,0.0
2023-11-05 00:00:00+00:00,0.0,0.0,0.0,0.0,0.0,0.0,0.0,0.0
2023-11-06 00:00:00+00:00,0.0,0.0,0.0,0.0,0.0,0.0,0.0,0.0
2023-11-07 00:00:00+00:00,0.0,0.0,0.0,0.0,0.0,0.0,0.0,0.0
2023-11-08 00:00:00+00:00,0.0,0.0,0.0,0.0,0.0,0.0,0.0,0.0
2023-11-09 00:00:00+00:00,0.0,0.0,0.0,0.0,0.0,0.0,0.0,0.0
2023-11-10 00:00:00+00:00,0.0,0.0,0.0,0.0,0.0,0.0,0.0,0.0
2023-11-11 00:00:00+00:00,0.0,0.0,0.0,0.0,0.0,0.0,0.0,0.0
2023-11-12 00:00:00+00:00,0.0,0.0,0.0,0.0,0.0,0.0,0.0,0.0
2023-11-13 00:00:00+00:00,1.0,1.0,1.0,8.0,0.0,0.0,0.0,1.0
2023-11-14 00:00:00+00:00,0.0,0.0,0.0,0.0,0.0,0.0,0.0,0.0
2023-11-15 00:00:00+00:00,0.0,0.0,0.0,0.0,0.0,0.0,0.0,0.0
2023-11-16 00:00:00+00:00,0.0,0.0,0.0,0.0,0.0,0.0,0.0,0.0
2023-11-17 00:00:00+00:00,0.0,0.0,0.0,0.0,0.0,0.0,0.0,0.0
2023-11-18 00:00:00+00:00,0.0,0.0,0.0,0.0,0.0,0.0,0.0,0.0
2023-11-19 00:00:00+00:00,0.0,0.0,0.0,0.0,0.0,0.0,0.0,0.0
2023-11-20 00:00:00+00:00,1.0,1.0,1.0,36.0,0.0,0.0,0.0,1.0
2023-11-21 00:00:00+00:00,4.0,2.0,2.0,35.25,0.0,0.0,0.0,1.0
2023-11-22 00:00:00+00:00,0.0,0.0,0.0,0.0,0.0,0.0,0.0,0.0
2023-11-23 00:00:00+00:00,0.0,0.0,0.0,0.0,0.0,0.0,0.0,0.0
2023-11-24 00:00:00+00:00,8.0,3.0,3.0,12.25,0.625,0.0,0.0,1.0
2023-11-25 00:00:00+00:00,0.0,0.0,0.0,0.0,0.0,0.0,0.0,0.0
2023-11-26 00:00:00+00:00,0.0,0.0,0.0,0.0,0.0,0.0,0.0,0.0
2023-11-27 00:00:00+00:00,0.0,0.0,0.0,0.0,0.0,0.0,0.0,0.0
2023-11-28 00:00:00+00:00,0.0,0.0,0.0,0.0,0.0,0.0,0.0,0.0
2023-11-29 00:00:00+00:00,0.0,0.0,0.0,0.0,0.0,0.0,0.0,0.0
2023-11-30 00:00:00+00:00,0.0,0.0,0.0,0.0,0.0,0.0,0.0,0.0
2023-12-01 00:00:00+00:00,0.0,0.0,0.0,0.0,0.0,0.0,0.0,0.0
2023-12-02 00:00:00+00:00,0.0,0.0,0.0,0.0,0.0,0.0,0.0,0.0
2023-12-03 00:00:00+00:00,0.0,0.0,0.0,0.0,0.0,0.0,0.0,0.0
2023-12-04 00:00:00+00:00,0.0,0.0,0.0,0.0,0.0,0.0,0.0,0.0
2023-12-05 00:00:00+00:00,5.0,4.0,4.0,206.0,0.4,0.0,0.0,1.0
2023-12-06 00:00:00+00:00,0.0,0.0,0.0,0.0,0.0,0.0,0.0,0.0
2023-12-07 00:00:00+00:00,0.0,0.0,0.0,0.0,0.0,0.0,0.0,0.0
2023-12-08 00:00:00+00:00,0.0,0.0,0.0,0.0,0.0,0.0,0.0,0.0
2023-12-09 00:00:00+00:00,0.0,0.0,0.0,0.0,0.0,0.0,0.0,0.0
2023-12-10 00:00:00+00:00,0.0,0.0,0.0,0.0,0.0,0.0,0.0,0.0
2023-12-11 00:00:00+00:00,0.0,0.0,0.0,0.0,0.0,0.0,0.0,0.0
2023-12-12 00:00:00+00:00,3.0,1.0,1.0,3.6666666666666665,0.0,0.0,0.0,1.0
2023-12-13 00:00:00+00:00,0.0,0.0,0.0,0.0,0.0,0.0,0.0,0.0
2023-12-14 00:00:00+00:00,0.0,0.0,0.0,0.0,0.0,0.0,0.0,0.0
2023-12-15 00:00:00+00:00,1.0,1.0,0.0,1027.0,0.0,0.0,0.0,0.0
2023-12-16 00:00:00+00:00,1.0,1.0,1.0,2.0,0.0,0.0,0.0,1.0
2023-12-17 00:00:00+00:00,0.0,0.0,0.0,0.0,0.0,0.0,0.0,0.0
2023-12-18 00:00:00+00:00,1.0,1.0,1.0,56.0,0.0,0.0,0.0,1.0
2023-12-19 00:00:00+00:00,0.0,0.0,0.0,0.0,0.0,0.0,0.0,0.0
2023-12-20 00:00:00+00:00,1.0,1.0,0.0,4.0,0.0,0.0,0.0,0.0
2023-12-21 00:00:00+00:00,0.0,0.0,0.0,0.0,0.0,0.0,0.0,0.0
2023-12-22 00:00:00+00:00,0.0,0.0,0.0,0.0,0.0,0.0,0.0,0.0
2023-12-23 00:00:00+00:00,1.0,1.0,1.0,8.0,0.0,0.0,0.0,1.0
2023-12-24 00:00:00+00:00,0.0,0.0,0.0,0.0,0.0,0.0,0.0,0.0
2023-12-25 00:00:00+00:00,0.0,0.0,0.0,0.0,0.0,0.0,0.0,0.0
2023-12-26 00:00:00+00:00,0.0,0.0,0.0,0.0,0.0,0.0,0.0,0.0
2023-12-27 00:00:00+00:00,0.0,0.0,0.0,0.0,0.0,0.0,0.0,0.0
2023-12-28 00:00:00+00:00,0.0,0.0,0.0,0.0,0.0,0.0,0.0,0.0
2023-12-29 00:00:00+00:00,0.0,0.0,0.0,0.0,0.0,0.0,0.0,0.0
2023-12-30 00:00:00+00:00,0.0,0.0,0.0,0.0,0.0,0.0,0.0,0.0
2023-12-31 00:00:00+00:00,1.0,1.0,1.0,4.0,0.0,0.0,0.0,1.0
2024-01-01 00:00:00+00:00,1.0,1.0,0.0,19.0,0.0,0.0,0.0,0.0
2024-01-02 00:00:00+00:00,0.0,0.0,0.0,0.0,0.0,0.0,0.0,0.0
2024-01-03 00:00:00+00:00,0.0,0.0,0.0,0.0,0.0,0.0,0.0,0.0
2024-01-04 00:00:00+00:00,0.0,0.0,0.0,0.0,0.0,0.0,0.0,0.0
2024-01-05 00:00:00+00:00,0.0,0.0,0.0,0.0,0.0,0.0,0.0,0.0
2024-01-06 00:00:00+00:00,0.0,0.0,0.0,0.0,0.0,0.0,0.0,0.0
2024-01-07 00:00:00+00:00,0.0,0.0,0.0,0.0,0.0,0.0,0.0,0.0
2024-01-08 00:00:00+00:00,0.0,0.0,0.0,0.0,0.0,0.0,0.0,0.0
2024-01-09 00:00:00+00:00,0.0,0.0,0.0,0.0,0.0,0.0,0.0,0.0
2024-01-10 00:00:00+00:00,0.0,0.0,0.0,0.0,0.0,0.0,0.0,0.0
2024-01-11 00:00:00+00:00,0.0,0.0,0.0,0.0,0.0,0.0,0.0,0.0
2024-01-12 00:00:00+00:00,0.0,0.0,0.0,0.0,0.0,0.0,0.0,0.0
2024-01-13 00:00:00+00:00,0.0,0.0,0.0,0.0,0.0,0.0,0.0,0.0
2024-01-14 00:00:00+00:00,0.0,0.0,0.0,0.0,0.0,0.0,0.0,0.0
2024-01-15 00:00:00+00:00,0.0,0.0,0.0,0.0,0.0,0.0,0.0,0.0
2024-01-16 00:00:00+00:00,0.0,0.0,0.0,0.0,0.0,0.0,0.0,0.0
2024-01-17 00:00:00+00:00,0.0,0.0,0.0,0.0,0.0,0.0,0.0,0.0
2024-01-18 00:00:00+00:00,2.0,2.0,0.0,0.0,0.0,1.0,0.0,0.0
2024-01-19 00:00:00+00:00,1.0,1.0,0.0,33.0,0.0,0.0,0.0,0.0
2024-01-20 00:00:00+00:00,0.0,0.0,0.0,0.0,0.0,0.0,0.0,0.0
2024-01-21 00:00:00+00:00,2.0,1.0,1.0,4.0,0.0,0.0,0.0,1.0
2024-01-22 00:00:00+00:00,1.0,1.0,0.0,87.0,0.0,0.0,0.0,0.0
2024-01-23 00:00:00+00:00,0.0,0.0,0.0,0.0,0.0,0.0,0.0,0.0
2024-01-24 00:00:00+00:00,0.0,0.0,0.0,0.0,0.0,0.0,0.0,0.0
2024-01-25 00:00:00+00:00,0.0,0.0,0.0,0.0,0.0,0.0,0.0,0.0
2024-01-26 00:00:00+00:00,0.0,0.0,0.0,0.0,0.0,0.0,0.0,0.0
2024-01-27 00:00:00+00:00,1.0,1.0,0.0,0.0,0.0,1.0,0.0,0.0
2024-01-28 00:00:00+00:00,0.0,0.0,0.0,0.0,0.0,0.0,0.0,0.0
2024-01-29 00:00:00+00:00,0.0,0.0,0.0,0.0,0.0,0.0,0.0,0.0
2024-01-30 00:00:00+00:00,0.0,0.0,0.0,0.0,0.0,0.0,0.0,0.0
2024-01-31 00:00:00+00:00,0.0,0.0,0.0,0.0,0.0,0.0,0.0,0.0
2024-02-01 00:00:00+00:00,0.0,0.0,0.0,0.0,0.0,0.0,0.0,0.0
2024-02-02 00:00:00+00:00,0.0,0.0,0.0,0.0,0.0,0.0,0.0,0.0
2024-02-03 00:00:00+00:00,0.0,0.0,0.0,0.0,0.0,0.0,0.0,0.0
2024-02-04 00:00:00+00:00,0.0,0.0,0.0,0.0,0.0,0.0,0.0,0.0
2024-02-05 00:00:00+00:00,0.0,0.0,0.0,0.0,0.0,0.0,0.0,0.0
2024-02-06 00:00:00+00:00,0.0,0.0,0.0,0.0,0.0,0.0,0.0,0.0
2024-02-07 00:00:00+00:00,0.0,0.0,0.0,0.0,0.0,0.0,0.0,0.0
2024-02-08 00:00:00+00:00,0.0,0.0,0.0,0.0,0.0,0.0,0.0,0.0
2024-02-09 00:00:00+00:00,0.0,0.0,0.0,0.0,0.0,0.0,0.0,0.0
2024-02-10 00:00:00+00:00,0.0,0.0,0.0,0.0,0.0,0.0,0.0,0.0
2024-02-11 00:00:00+00:00,0.0,0.0,0.0,0.0,0.0,0.0,0.0,0.0
2024-02-12 00:00:00+00:00,0.0,0.0,0.0,0.0,0.0,0.0,0.0,0.0
2024-02-13 00:00:00+00:00,0.0,0.0,0.0,0.0,0.0,0.0,0.0,0.0
2024-02-14 00:00:00+00:00,0.0,0.0,0.0,0.0,0.0,0.0,0.0,0.0
2024-02-15 00:00:00+00:00,0.0,0.0,0.0,0.0,0.0,0.0,0.0,0.0
2024-02-16 00:00:00+00:00,0.0,0.0,0.0,0.0,0.0,0.0,0.0,0.0
2024-02-17 00:00:00+00:00,0.0,0.0,0.0,0.0,0.0,0.0,0.0,0.0
2024-02-18 00:00:00+00:00,0.0,0.0,0.0,0.0,0.0,0.0,0.0,0.0
2024-02-19 00:00:00+00:00,0.0,0.0,0.0,0.0,0.0,0.0,0.0,0.0
2024-02-20 00:00:00+00:00,0.0,0.0,0.0,0.0,0.0,0.0,0.0,0.0
2024-02-21 00:00:00+00:00,0.0,0.0,0.0,0.0,0.0,0.0,0.0,0.0
2024-02-22 00:00:00+00:00,8.0,2.0,2.0,62.25,0.125,0.0,0.0,1.0
2024-02-23 00:00:00+00:00,1.0,1.0,0.0,1.0,0.0,0.0,0.0,0.0
2024-02-24 00:00:00+00:00,0.0,0.0,0.0,0.0,0.0,0.0,0.0,0.0
2024-02-25 00:00:00+00:00,0.0,0.0,0.0,0.0,0.0,0.0,0.0,0.0
2024-02-26 00:00:00+00:00,0.0,0.0,0.0,0.0,0.0,0.0,0.0,0.0
2024-02-27 00:00:00+00:00,2.0,2.0,2.0,15.0,0.5,0.0,0.0,1.0
2024-02-28 00:00:00+00:00,0.0,0.0,0.0,0.0,0.0,0.0,0.0,0.0
2024-02-29 00:00:00+00:00,2.0,2.0,1.0,4.0,0.5,0.0,0.0,0.5
2024-03-01 00:00:00+00:00,0.0,0.0,0.0,0.0,0.0,0.0,0.0,0.0
2024-03-02 00:00:00+00:00,0.0,0.0,0.0,0.0,0.0,0.0,0.0,0.0
2024-03-03 00:00:00+00:00,0.0,0.0,0.0,0.0,0.0,0.0,0.0,0.0
2024-03-04 00:00:00+00:00,0.0,0.0,0.0,0.0,0.0,0.0,0.0,0.0
2024-03-05 00:00:00+00:00,0.0,0.0,0.0,0.0,0.0,0.0,0.0,0.0
2024-03-06 00:00:00+00:00,0.0,0.0,0.0,0.0,0.0,0.0,0.0,0.0
2024-03-07 00:00:00+00:00,0.0,0.0,0.0,0.0,0.0,0.0,0.0,0.0
2024-03-08 00:00:00+00:00,0.0,0.0,0.0,0.0,0.0,0.0,0.0,0.0
2024-03-09 00:00:00+00:00,0.0,0.0,0.0,0.0,0.0,0.0,0.0,0.0
2024-03-10 00:00:00+00:00,0.0,0.0,0.0,0.0,0.0,0.0,0.0,0.0
2024-03-11 00:00:00+00:00,0.0,0.0,0.0,0.0,0.0,0.0,0.0,0.0
2024-03-12 00:00:00+00:00,0.0,0.0,0.0,0.0,0.0,0.0,0.0,0.0
2024-03-13 00:00:00+00:00,0.0,0.0,0.0,0.0,0.0,0.0,0.0,0.0
2024-03-14 00:00:00+00:00,0.0,0.0,0.0,0.0,0.0,0.0,0.0,0.0
2024-03-15 00:00:00+00:00,0.0,0.0,0.0,0.0,0.0,0.0,0.0,0.0
2024-03-16 00:00:00+00:00,0.0,0.0,0.0,0.0,0.0,0.0,0.0,0.0
2024-03-17 00:00:00+00:00,1.0,1.0,0.0,36.0,0.0,0.0,0.0,0.0
2024-03-18 00:00:00+00:00,0.0,0.0,0.0,0.0,0.0,0.0,0.0,0.0
2024-03-19 00:00:00+00:00,0.0,0.0,0.0,0.0,0.0,0.0,0.0,0.0
2024-03-20 00:00:00+00:00,0.0,0.0,0.0,0.0,0.0,0.0,0.0,0.0
2024-03-21 00:00:00+00:00,0.0,0.0,0.0,0.0,0.0,0.0,0.0,0.0
2024-03-22 00:00:00+00:00,0.0,0.0,0.0,0.0,0.0,0.0,0.0,0.0
2024-03-23 00:00:00+00:00,0.0,0.0,0.0,0.0,0.0,0.0,0.0,0.0
2024-03-24 00:00:00+00:00,0.0,0.0,0.0,0.0,0.0,0.0,0.0,0.0
2024-03-25 00:00:00+00:00,0.0,0.0,0.0,0.0,0.0,0.0,0.0,0.0
2024-03-26 00:00:00+00:00,0.0,0.0,0.0,0.0,0.0,0.0,0.0,0.0
2024-03-27 00:00:00+00:00,9.0,5.0,4.0,252.22222222222223,0.3333333333333333,0.0,0.0,0.8
2024-03-28 00:00:00+00:00,0.0,0.0,0.0,0.0,0.0,0.0,0.0,0.0
2024-03-29 00:00:00+00:00,0.0,0.0,0.0,0.0,0.0,0.0,0.0,0.0
2024-03-30 00:00:00+00:00,0.0,0.0,0.0,0.0,0.0,0.0,0.0,0.0
2024-03-31 00:00:00+00:00,0.0,0.0,0.0,0.0,0.0,0.0,0.0,0.0
2024-04-01 00:00:00+00:00,0.0,0.0,0.0,0.0,0.0,0.0,0.0,0.0
2024-04-02 00:00:00+00:00,0.0,0.0,0.0,0.0,0.0,0.0,0.0,0.0
2024-04-03 00:00:00+00:00,0.0,0.0,0.0,0.0,0.0,0.0,0.0,0.0
2024-04-04 00:00:00+00:00,4.0,4.0,3.0,1675.5,0.5,0.0,0.0,0.75
2024-04-05 00:00:00+00:00,0.0,0.0,0.0,0.0,0.0,0.0,0.0,0.0
2024-04-06 00:00:00+00:00,0.0,0.0,0.0,0.0,0.0,0.0,0.0,0.0
2024-04-07 00:00:00+00:00,0.0,0.0,0.0,0.0,0.0,0.0,0.0,0.0
2024-04-08 00:00:00+00:00,0.0,0.0,0.0,0.0,0.0,0.0,0.0,0.0
2024-04-09 00:00:00+00:00,0.0,0.0,0.0,0.0,0.0,0.0,0.0,0.0
2024-04-10 00:00:00+00:00,19.0,2.0,1.0,375.36842105263156,0.0,0.0,0.0,0.5
2024-04-11 00:00:00+00:00,2.0,1.0,0.0,11.0,0.0,0.0,0.0,0.0
2024-04-12 00:00:00+00:00,0.0,0.0,0.0,0.0,0.0,0.0,0.0,0.0
2024-04-13 00:00:00+00:00,0.0,0.0,0.0,0.0,0.0,0.0,0.0,0.0
2024-04-14 00:00:00+00:00,0.0,0.0,0.0,0.0,0.0,0.0,0.0,0.0
2024-04-15 00:00:00+00:00,0.0,0.0,0.0,0.0,0.0,0.0,0.0,0.0
2024-04-16 00:00:00+00:00,0.0,0.0,0.0,0.0,0.0,0.0,0.0,0.0
2024-04-17 00:00:00+00:00,0.0,0.0,0.0,0.0,0.0,0.0,0.0,0.0
2024-04-18 00:00:00+00:00,4.0,3.0,2.0,36.75,0.25,0.0,0.0,0.6666666666666666
2024-04-19 00:00:00+00:00,1.0,1.0,1.0,92.0,0.0,0.0,0.0,1.0
2024-04-20 00:00:00+00:00,1.0,1.0,0.0,92.0,1.0,0.0,0.0,0.0
2024-04-21 00:00:00+00:00,0.0,0.0,0.0,0.0,0.0,0.0,0.0,0.0
2024-04-22 00:00:00+00:00,0.0,0.0,0.0,0.0,0.0,0.0,0.0,0.0
2024-04-23 00:00:00+00:00,0.0,0.0,0.0,0.0,0.0,0.0,0.0,0.0
2024-04-24 00:00:00+00:00,0.0,0.0,0.0,0.0,0.0,0.0,0.0,0.0
2024-04-25 00:00:00+00:00,0.0,0.0,0.0,0.0,0.0,0.0,0.0,0.0
2024-04-26 00:00:00+00:00,1.0,1.0,1.0,37.0,0.0,0.0,0.0,1.0
2024-04-27 00:00:00+00:00,1.0,1.0,0.0,0.0,0.0,1.0,0.0,0.0
2024-04-28 00:00:00+00:00,0.0,0.0,0.0,0.0,0.0,0.0,0.0,0.0
2024-04-29 00:00:00+00:00,0.0,0.0,0.0,0.0,0.0,0.0,0.0,0.0
2024-04-30 00:00:00+00:00,0.0,0.0,0.0,0.0,0.0,0.0,0.0,0.0
2024-05-01 00:00:00+00:00,0.0,0.0,0.0,0.0,0.0,0.0,0.0,0.0
2024-05-02 00:00:00+00:00,0.0,0.0,0.0,0.0,0.0,0.0,0.0,0.0
2024-05-03 00:00:00+00:00,1.0,1.0,1.0,24.0,0.0,0.0,0.0,1.0
2024-05-04 00:00:00+00:00,0.0,0.0,0.0,0.0,0.0,0.0,0.0,0.0
2024-05-05 00:00:00+00:00,0.0,0.0,0.0,0.0,0.0,0.0,0.0,0.0
2024-05-06 00:00:00+00:00,0.0,0.0,0.0,0.0,0.0,0.0,0.0,0.0
2024-05-07 00:00:00+00:00,1.0,1.0,0.0,23.0,0.0,0.0,0.0,0.0
2024-05-08 00:00:00+00:00,0.0,0.0,0.0,0.0,0.0,0.0,0.0,0.0
2024-05-09 00:00:00+00:00,0.0,0.0,0.0,0.0,0.0,0.0,0.0,0.0
2024-05-10 00:00:00+00:00,0.0,0.0,0.0,0.0,0.0,0.0,0.0,0.0
2024-05-11 00:00:00+00:00,0.0,0.0,0.0,0.0,0.0,0.0,0.0,0.0
2024-05-12 00:00:00+00:00,0.0,0.0,0.0,0.0,0.0,0.0,0.0,0.0
2024-05-13 00:00:00+00:00,0.0,0.0,0.0,0.0,0.0,0.0,0.0,0.0
2024-05-14 00:00:00+00:00,0.0,0.0,0.0,0.0,0.0,0.0,0.0,0.0
2024-05-15 00:00:00+00:00,3.0,3.0,2.0,2307.0,0.0,0.3333333333333333,0.0,0.6666666666666666
2024-05-16 00:00:00+00:00,0.0,0.0,0.0,0.0,0.0,0.0,0.0,0.0
2024-05-17 00:00:00+00:00,6.0,1.0,0.0,671.6666666666666,0.16666666666666666,0.0,0.0,0.0
2024-05-18 00:00:00+00:00,1.0,1.0,0.0,4024.0,1.0,0.0,0.0,0.0
2024-05-19 00:00:00+00:00,0.0,0.0,0.0,0.0,0.0,0.0,0.0,0.0
2024-05-20 00:00:00+00:00,0.0,0.0,0.0,0.0,0.0,0.0,0.0,0.0
2024-05-21 00:00:00+00:00,1.0,1.0,1.0,38.0,0.0,0.0,0.0,1.0
2024-05-22 00:00:00+00:00,3.0,1.0,0.0,63.0,0.0,0.0,0.0,0.0
2024-05-23 00:00:00+00:00,0.0,0.0,0.0,0.0,0.0,0.0,0.0,0.0
2024-05-24 00:00:00+00:00,0.0,0.0,0.0,0.0,0.0,0.0,0.0,0.0
2024-05-25 00:00:00+00:00,0.0,0.0,0.0,0.0,0.0,0.0,0.0,0.0
2024-05-26 00:00:00+00:00,0.0,0.0,0.0,0.0,0.0,0.0,0.0,0.0
2024-05-27 00:00:00+00:00,0.0,0.0,0.0,0.0,0.0,0.0,0.0,0.0
2024-05-28 00:00:00+00:00,6.0,4.0,3.0,6.0,0.5,0.0,0.0,0.75
2024-05-29 00:00:00+00:00,5.0,1.0,0.0,850.0,0.0,0.0,0.0,0.0
2024-05-30 00:00:00+00:00,0.0,0.0,0.0,0.0,0.0,0.0,0.0,0.0
2024-05-31 00:00:00+00:00,0.0,0.0,0.0,0.0,0.0,0.0,0.0,0.0
2024-06-01 00:00:00+00:00,0.0,0.0,0.0,0.0,0.0,0.0,0.0,0.0
2024-06-02 00:00:00+00:00,0.0,0.0,0.0,0.0,0.0,0.0,0.0,0.0
2024-06-03 00:00:00+00:00,0.0,0.0,0.0,0.0,0.0,0.0,0.0,0.0
2024-06-04 00:00:00+00:00,0.0,0.0,0.0,0.0,0.0,0.0,0.0,0.0
2024-06-05 00:00:00+00:00,0.0,0.0,0.0,0.0,0.0,0.0,0.0,0.0
2024-06-06 00:00:00+00:00,0.0,0.0,0.0,0.0,0.0,0.0,0.0,0.0
2024-06-07 00:00:00+00:00,0.0,0.0,0.0,0.0,0.0,0.0,0.0,0.0
2024-06-08 00:00:00+00:00,0.0,0.0,0.0,0.0,0.0,0.0,0.0,0.0
2024-06-09 00:00:00+00:00,0.0,0.0,0.0,0.0,0.0,0.0,0.0,0.0
2024-06-10 00:00:00+00:00,0.0,0.0,0.0,0.0,0.0,0.0,0.0,0.0
2024-06-11 00:00:00+00:00,0.0,0.0,0.0,0.0,0.0,0.0,0.0,0.0
2024-06-12 00:00:00+00:00,0.0,0.0,0.0,0.0,0.0,0.0,0.0,0.0
2024-06-13 00:00:00+00:00,0.0,0.0,0.0,0.0,0.0,0.0,0.0,0.0
2024-06-14 00:00:00+00:00,0.0,0.0,0.0,0.0,0.0,0.0,0.0,0.0
2024-06-15 00:00:00+00:00,0.0,0.0,0.0,0.0,0.0,0.0,0.0,0.0
2024-06-16 00:00:00+00:00,0.0,0.0,0.0,0.0,0.0,0.0,0.0,0.0
2024-06-17 00:00:00+00:00,0.0,0.0,0.0,0.0,0.0,0.0,0.0,0.0
2024-06-18 00:00:00+00:00,0.0,0.0,0.0,0.0,0.0,0.0,0.0,0.0
2024-06-19 00:00:00+00:00,0.0,0.0,0.0,0.0,0.0,0.0,0.0,0.0
2024-06-20 00:00:00+00:00,0.0,0.0,0.0,0.0,0.0,0.0,0.0,0.0
2024-06-21 00:00:00+00:00,0.0,0.0,0.0,0.0,0.0,0.0,0.0,0.0
2024-06-22 00:00:00+00:00,1.0,1.0,1.0,0.0,0.0,0.0,0.0,1.0
2024-06-23 00:00:00+00:00,0.0,0.0,0.0,0.0,0.0,0.0,0.0,0.0
2024-06-24 00:00:00+00:00,0.0,0.0,0.0,0.0,0.0,0.0,0.0,0.0
2024-06-25 00:00:00+00:00,0.0,0.0,0.0,0.0,0.0,0.0,0.0,0.0
2024-06-26 00:00:00+00:00,2.0,2.0,2.0,470.0,0.5,0.0,0.0,1.0
2024-06-27 00:00:00+00:00,0.0,0.0,0.0,0.0,0.0,0.0,0.0,0.0
2024-06-28 00:00:00+00:00,0.0,0.0,0.0,0.0,0.0,0.0,0.0,0.0
2024-06-29 00:00:00+00:00,0.0,0.0,0.0,0.0,0.0,0.0,0.0,0.0
2024-06-30 00:00:00+00:00,0.0,0.0,0.0,0.0,0.0,0.0,0.0,0.0
2024-07-01 00:00:00+00:00,0.0,0.0,0.0,0.0,0.0,0.0,0.0,0.0
2024-07-02 00:00:00+00:00,0.0,0.0,0.0,0.0,0.0,0.0,0.0,0.0
2024-07-03 00:00:00+00:00,0.0,0.0,0.0,0.0,0.0,0.0,0.0,0.0
2024-07-04 00:00:00+00:00,0.0,0.0,0.0,0.0,0.0,0.0,0.0,0.0
2024-07-05 00:00:00+00:00,0.0,0.0,0.0,0.0,0.0,0.0,0.0,0.0
2024-07-06 00:00:00+00:00,0.0,0.0,0.0,0.0,0.0,0.0,0.0,0.0
2024-07-07 00:00:00+00:00,0.0,0.0,0.0,0.0,0.0,0.0,0.0,0.0
2024-07-08 00:00:00+00:00,0.0,0.0,0.0,0.0,0.0,0.0,0.0,0.0
2024-07-09 00:00:00+00:00,0.0,0.0,0.0,0.0,0.0,0.0,0.0,0.0
2024-07-10 00:00:00+00:00,1.0,1.0,1.0,45.0,0.0,0.0,0.0,1.0
2024-07-11 00:00:00+00:00,3.0,3.0,2.0,16.333333333333332,0.6666666666666666,0.0,0.0,0.6666666666666666
2024-07-12 00:00:00+00:00,0.0,0.0,0.0,0.0,0.0,0.0,0.0,0.0
2024-07-13 00:00:00+00:00,0.0,0.0,0.0,0.0,0.0,0.0,0.0,0.0
2024-07-14 00:00:00+00:00,1.0,1.0,0.0,45.0,1.0,0.0,0.0,0.0
2024-07-15 00:00:00+00:00,0.0,0.0,0.0,0.0,0.0,0.0,0.0,0.0
2024-07-16 00:00:00+00:00,0.0,0.0,0.0,0.0,0.0,0.0,0.0,0.0
2024-07-17 00:00:00+00:00,0.0,0.0,0.0,0.0,0.0,0.0,0.0,0.0
2024-07-18 00:00:00+00:00,1.0,1.0,0.0,45.0,1.0,0.0,0.0,0.0
2024-07-19 00:00:00+00:00,0.0,0.0,0.0,0.0,0.0,0.0,0.0,0.0
2024-07-20 00:00:00+00:00,2.0,2.0,0.0,45.0,1.0,0.0,0.0,0.0
2024-07-21 00:00:00+00:00,0.0,0.0,0.0,0.0,0.0,0.0,0.0,0.0
2024-07-22 00:00:00+00:00,0.0,0.0,0.0,0.0,0.0,0.0,0.0,0.0
2024-07-23 00:00:00+00:00,0.0,0.0,0.0,0.0,0.0,0.0,0.0,0.0
2024-07-24 00:00:00+00:00,0.0,0.0,0.0,0.0,0.0,0.0,0.0,0.0
2024-07-25 00:00:00+00:00,0.0,0.0,0.0,0.0,0.0,0.0,0.0,0.0
2024-07-26 00:00:00+00:00,0.0,0.0,0.0,0.0,0.0,0.0,0.0,0.0
2024-07-27 00:00:00+00:00,0.0,0.0,0.0,0.0,0.0,0.0,0.0,0.0
2024-07-28 00:00:00+00:00,0.0,0.0,0.0,0.0,0.0,0.0,0.0,0.0
2024-07-29 00:00:00+00:00,0.0,0.0,0.0,0.0,0.0,0.0,0.0,0.0
2024-07-30 00:00:00+00:00,2.0,2.0,1.0,4886.0,0.5,0.0,0.0,0.5
2024-07-31 00:00:00+00:00,1.0,1.0,0.0,45.0,1.0,0.0,0.0,0.0
2024-08-01 00:00:00+00:00,4.0,1.0,1.0,11.0,0.0,0.0,0.0,1.0
2024-08-02 00:00:00+00:00,0.0,0.0,0.0,0.0,0.0,0.0,0.0,0.0
2024-08-03 00:00:00+00:00,0.0,0.0,0.0,0.0,0.0,0.0,0.0,0.0
2024-08-04 00:00:00+00:00,0.0,0.0,0.0,0.0,0.0,0.0,0.0,0.0
2024-08-05 00:00:00+00:00,0.0,0.0,0.0,0.0,0.0,0.0,0.0,0.0
2024-08-06 00:00:00+00:00,4.0,2.0,1.0,1.5,0.25,0.0,0.0,0.5
2024-08-07 00:00:00+00:00,0.0,0.0,0.0,0.0,0.0,0.0,0.0,0.0
2024-08-08 00:00:00+00:00,0.0,0.0,0.0,0.0,0.0,0.0,0.0,0.0
2024-08-09 00:00:00+00:00,0.0,0.0,0.0,0.0,0.0,0.0,0.0,0.0
2024-08-10 00:00:00+00:00,0.0,0.0,0.0,0.0,0.0,0.0,0.0,0.0
2024-08-11 00:00:00+00:00,0.0,0.0,0.0,0.0,0.0,0.0,0.0,0.0
2024-08-12 00:00:00+00:00,0.0,0.0,0.0,0.0,0.0,0.0,0.0,0.0
2024-08-13 00:00:00+00:00,0.0,0.0,0.0,0.0,0.0,0.0,0.0,0.0
2024-08-14 00:00:00+00:00,0.0,0.0,0.0,0.0,0.0,0.0,0.0,0.0
2024-08-15 00:00:00+00:00,0.0,0.0,0.0,0.0,0.0,0.0,0.0,0.0
2024-08-16 00:00:00+00:00,0.0,0.0,0.0,0.0,0.0,0.0,0.0,0.0
2024-08-17 00:00:00+00:00,0.0,0.0,0.0,0.0,0.0,0.0,0.0,0.0
2024-08-18 00:00:00+00:00,0.0,0.0,0.0,0.0,0.0,0.0,0.0,0.0
2024-08-19 00:00:00+00:00,0.0,0.0,0.0,0.0,0.0,0.0,0.0,0.0
2024-08-20 00:00:00+00:00,0.0,0.0,0.0,0.0,0.0,0.0,0.0,0.0
2024-08-21 00:00:00+00:00,0.0,0.0,0.0,0.0,0.0,0.0,0.0,0.0
2024-08-22 00:00:00+00:00,0.0,0.0,0.0,0.0,0.0,0.0,0.0,0.0
2024-08-23 00:00:00+00:00,0.0,0.0,0.0,0.0,0.0,0.0,0.0,0.0
2024-08-24 00:00:00+00:00,4.0,2.0,0.0,12.0,0.0,0.25,0.0,0.0
2024-08-25 00:00:00+00:00,0.0,0.0,0.0,0.0,0.0,0.0,0.0,0.0
2024-08-26 00:00:00+00:00,0.0,0.0,0.0,0.0,0.0,0.0,0.0,0.0
2024-08-27 00:00:00+00:00,0.0,0.0,0.0,0.0,0.0,0.0,0.0,0.0
2024-08-28 00:00:00+00:00,0.0,0.0,0.0,0.0,0.0,0.0,0.0,0.0
2024-08-29 00:00:00+00:00,0.0,0.0,0.0,0.0,0.0,0.0,0.0,0.0
2024-08-30 00:00:00+00:00,6.0,3.0,3.0,2219.0,0.16666666666666666,0.0,0.0,1.0
2024-08-31 00:00:00+00:00,7.0,5.0,3.0,2241.6666666666665,0.14285714285714285,0.14285714285714285,0.0,0.6
2024-09-01 00:00:00+00:00,29.0,5.0,2.0,1394.5862068965516,0.1724137931034483,0.0,0.0,0.4
2024-09-02 00:00:00+00:00,6.0,3.0,1.0,2634.8,0.0,0.16666666666666666,0.0,0.3333333333333333
2024-09-03 00:00:00+00:00,0.0,0.0,0.0,0.0,0.0,0.0,0.0,0.0
2024-09-04 00:00:00+00:00,11.0,2.0,0.0,1456.2727272727273,0.5454545454545454,0.0,0.0,0.0
2024-09-05 00:00:00+00:00,1.0,1.0,0.0,3984.0,0.0,0.0,0.0,0.0
2024-09-06 00:00:00+00:00,5.0,2.0,1.0,83.5,0.2,0.2,0.0,0.5
2024-09-07 00:00:00+00:00,12.0,2.0,0.0,136.75,0.0,0.0,0.0,0.0
2024-09-08 00:00:00+00:00,18.0,3.0,1.0,304.22222222222223,0.2222222222222222,0.0,0.0,0.3333333333333333
2024-09-09 00:00:00+00:00,3.0,1.0,0.0,960.6666666666666,1.0,0.0,0.0,0.0
2024-09-10 00:00:00+00:00,0.0,0.0,0.0,0.0,0.0,0.0,0.0,0.0
2024-09-11 00:00:00+00:00,0.0,0.0,0.0,0.0,0.0,0.0,0.0,0.0
2024-09-12 00:00:00+00:00,0.0,0.0,0.0,0.0,0.0,0.0,0.0,0.0
2024-09-13 00:00:00+00:00,0.0,0.0,0.0,0.0,0.0,0.0,0.0,0.0
2024-09-14 00:00:00+00:00,0.0,0.0,0.0,0.0,0.0,0.0,0.0,0.0
2024-09-15 00:00:00+00:00,0.0,0.0,0.0,0.0,0.0,0.0,0.0,0.0
2024-09-16 00:00:00+00:00,0.0,0.0,0.0,0.0,0.0,0.0,0.0,0.0
2024-09-17 00:00:00+00:00,0.0,0.0,0.0,0.0,0.0,0.0,0.0,0.0
2024-09-18 00:00:00+00:00,0.0,0.0,0.0,0.0,0.0,0.0,0.0,0.0
2024-09-19 00:00:00+00:00,0.0,0.0,0.0,0.0,0.0,0.0,0.0,0.0
2024-09-20 00:00:00+00:00,0.0,0.0,0.0,0.0,0.0,0.0,0.0,0.0
2024-09-21 00:00:00+00:00,0.0,0.0,0.0,0.0,0.0,0.0,0.0,0.0
2024-09-22 00:00:00+00:00,1.0,1.0,0.0,29.0,0.0,0.0,0.0,0.0
2024-09-23 00:00:00+00:00,0.0,0.0,0.0,0.0,0.0,0.0,0.0,0.0
2024-09-24 00:00:00+00:00,0.0,0.0,0.0,0.0,0.0,0.0,0.0,0.0
2024-09-25 00:00:00+00:00,0.0,0.0,0.0,0.0,0.0,0.0,0.0,0.0
2024-09-26 00:00:00+00:00,0.0,0.0,0.0,0.0,0.0,0.0,0.0,0.0
2024-09-27 00:00:00+00:00,0.0,0.0,0.0,0.0,0.0,0.0,0.0,0.0
2024-09-28 00:00:00+00:00,0.0,0.0,0.0,0.0,0.0,0.0,0.0,0.0
2024-09-29 00:00:00+00:00,0.0,0.0,0.0,0.0,0.0,0.0,0.0,0.0
2024-09-30 00:00:00+00:00,1.0,1.0,0.0,44.0,0.0,0.0,0.0,0.0
2024-10-01 00:00:00+00:00,0.0,0.0,0.0,0.0,0.0,0.0,0.0,0.0
2024-10-02 00:00:00+00:00,3.0,1.0,0.0,277.0,0.0,0.0,0.0,0.0
2024-10-03 00:00:00+00:00,0.0,0.0,0.0,0.0,0.0,0.0,0.0,0.0
2024-10-04 00:00:00+00:00,0.0,0.0,0.0,0.0,0.0,0.0,0.0,0.0
2024-10-05 00:00:00+00:00,0.0,0.0,0.0,0.0,0.0,0.0,0.0,0.0
2024-10-06 00:00:00+00:00,0.0,0.0,0.0,0.0,0.0,0.0,0.0,0.0
2024-10-07 00:00:00+00:00,0.0,0.0,0.0,0.0,0.0,0.0,0.0,0.0
2024-10-08 00:00:00+00:00,0.0,0.0,0.0,0.0,0.0,0.0,0.0,0.0
2024-10-09 00:00:00+00:00,0.0,0.0,0.0,0.0,0.0,0.0,0.0,0.0
2024-10-10 00:00:00+00:00,0.0,0.0,0.0,0.0,0.0,0.0,0.0,0.0
2024-10-11 00:00:00+00:00,0.0,0.0,0.0,0.0,0.0,0.0,0.0,0.0
2024-10-12 00:00:00+00:00,1.0,1.0,0.0,20.0,0.0,0.0,0.0,0.0
2024-10-13 00:00:00+00:00,0.0,0.0,0.0,0.0,0.0,0.0,0.0,0.0
2024-10-14 00:00:00+00:00,0.0,0.0,0.0,0.0,0.0,0.0,0.0,0.0
2024-10-15 00:00:00+00:00,0.0,0.0,0.0,0.0,0.0,0.0,0.0,0.0
2024-10-16 00:00:00+00:00,0.0,0.0,0.0,0.0,0.0,0.0,0.0,0.0
2024-10-17 00:00:00+00:00,1.0,1.0,0.0,15.0,0.0,0.0,0.0,0.0
2024-10-18 00:00:00+00:00,0.0,0.0,0.0,0.0,0.0,0.0,0.0,0.0
2024-10-19 00:00:00+00:00,2.0,2.0,0.0,16.0,0.0,0.5,0.0,0.0
2024-10-20 00:00:00+00:00,0.0,0.0,0.0,0.0,0.0,0.0,0.0,0.0
2024-10-21 00:00:00+00:00,0.0,0.0,0.0,0.0,0.0,0.0,0.0,0.0
2024-10-22 00:00:00+00:00,0.0,0.0,0.0,0.0,0.0,0.0,0.0,0.0
2024-10-23 00:00:00+00:00,0.0,0.0,0.0,0.0,0.0,0.0,0.0,0.0
2024-10-24 00:00:00+00:00,0.0,0.0,0.0,0.0,0.0,0.0,0.0,0.0
2024-10-25 00:00:00+00:00,0.0,0.0,0.0,0.0,0.0,0.0,0.0,0.0
2024-10-26 00:00:00+00:00,0.0,0.0,0.0,0.0,0.0,0.0,0.0,0.0
2024-10-27 00:00:00+00:00,0.0,0.0,0.0,0.0,0.0,0.0,0.0,0.0
2024-10-28 00:00:00+00:00,0.0,0.0,0.0,0.0,0.0,0.0,0.0,0.0
2024-10-29 00:00:00+00:00,0.0,0.0,0.0,0.0,0.0,0.0,0.0,0.0
2024-10-30 00:00:00+00:00,0.0,0.0,0.0,0.0,0.0,0.0,0.0,0.0
2024-10-31 00:00:00+00:00,0.0,0.0,0.0,0.0,0.0,0.0,0.0,0.0
2024-11-01 00:00:00+00:00,0.0,0.0,0.0,0.0,0.0,0.0,0.0,0.0
2024-11-02 00:00:00+00:00,0.0,0.0,0.0,0.0,0.0,0.0,0.0,0.0
2024-11-03 00:00:00+00:00,0.0,0.0,0.0,0.0,0.0,0.0,0.0,0.0
2024-11-04 00:00:00+00:00,2.0,2.0,1.0,27.0,0.0,0.0,0.0,0.5
2024-11-05 00:00:00+00:00,0.0,0.0,0.0,0.0,0.0,0.0,0.0,0.0
2024-11-06 00:00:00+00:00,0.0,0.0,0.0,0.0,0.0,0.0,0.0,0.0
2024-11-07 00:00:00+00:00,0.0,0.0,0.0,0.0,0.0,0.0,0.0,0.0
2024-11-08 00:00:00+00:00,0.0,0.0,0.0,0.0,0.0,0.0,0.0,0.0
2024-11-09 00:00:00+00:00,0.0,0.0,0.0,0.0,0.0,0.0,0.0,0.0
2024-11-10 00:00:00+00:00,3.0,1.0,1.0,38.666666666666664,0.0,0.0,0.0,1.0
2024-11-11 00:00:00+00:00,0.0,0.0,0.0,0.0,0.0,0.0,0.0,0.0
2024-11-12 00:00:00+00:00,1.0,1.0,1.0,71.0,1.0,0.0,0.0,1.0
2024-11-13 00:00:00+00:00,0.0,0.0,0.0,0.0,0.0,0.0,0.0,0.0
2024-11-14 00:00:00+00:00,0.0,0.0,0.0,0.0,0.0,0.0,0.0,0.0
2024-11-15 00:00:00+00:00,0.0,0.0,0.0,0.0,0.0,0.0,0.0,0.0
2024-11-16 00:00:00+00:00,0.0,0.0,0.0,0.0,0.0,0.0,0.0,0.0
2024-11-17 00:00:00+00:00,0.0,0.0,0.0,0.0,0.0,0.0,0.0,0.0
2024-11-18 00:00:00+00:00,0.0,0.0,0.0,0.0,0.0,0.0,0.0,0.0
2024-11-19 00:00:00+00:00,0.0,0.0,0.0,0.0,0.0,0.0,0.0,0.0
2024-11-20 00:00:00+00:00,0.0,0.0,0.0,0.0,0.0,0.0,0.0,0.0
2024-11-21 00:00:00+00:00,0.0,0.0,0.0,0.0,0.0,0.0,0.0,0.0
2024-11-22 00:00:00+00:00,0.0,0.0,0.0,0.0,0.0,0.0,0.0,0.0
2024-11-23 00:00:00+00:00,0.0,0.0,0.0,0.0,0.0,0.0,0.0,0.0
2024-11-24 00:00:00+00:00,0.0,0.0,0.0,0.0,0.0,0.0,0.0,0.0
2024-11-25 00:00:00+00:00,0.0,0.0,0.0,0.0,0.0,0.0,0.0,0.0
2024-11-26 00:00:00+00:00,0.0,0.0,0.0,0.0,0.0,0.0,0.0,0.0
2024-11-27 00:00:00+00:00,0.0,0.0,0.0,0.0,0.0,0.0,0.0,0.0
2024-11-28 00:00:00+00:00,0.0,0.0,0.0,0.0,0.0,0.0,0.0,0.0
2024-11-29 00:00:00+00:00,0.0,0.0,0.0,0.0,0.0,0.0,0.0,0.0
2024-11-30 00:00:00+00:00,0.0,0.0,0.0,0.0,0.0,0.0,0.0,0.0
2024-12-01 00:00:00+00:00,0.0,0.0,0.0,0.0,0.0,0.0,0.0,0.0
2024-12-02 00:00:00+00:00,0.0,0.0,0.0,0.0,0.0,0.0,0.0,0.0
2024-12-03 00:00:00+00:00,0.0,0.0,0.0,0.0,0.0,0.0,0.0,0.0
2024-12-04 00:00:00+00:00,0.0,0.0,0.0,0.0,0.0,0.0,0.0,0.0
2024-12-05 00:00:00+00:00,0.0,0.0,0.0,0.0,0.0,0.0,0.0,0.0
2024-12-06 00:00:00+00:00,0.0,0.0,0.0,0.0,0.0,0.0,0.0,0.0
2024-12-07 00:00:00+00:00,0.0,0.0,0.0,0.0,0.0,0.0,0.0,0.0
2024-12-08 00:00:00+00:00,0.0,0.0,0.0,0.0,0.0,0.0,0.0,0.0
2024-12-09 00:00:00+00:00,0.0,0.0,0.0,0.0,0.0,0.0,0.0,0.0
2024-12-10 00:00:00+00:00,0.0,0.0,0.0,0.0,0.0,0.0,0.0,0.0
2024-12-11 00:00:00+00:00,0.0,0.0,0.0,0.0,0.0,0.0,0.0,0.0
2024-12-12 00:00:00+00:00,1.0,1.0,0.0,57.0,0.0,0.0,0.0,0.0
2024-12-13 00:00:00+00:00,0.0,0.0,0.0,0.0,0.0,0.0,0.0,0.0
2024-12-14 00:00:00+00:00,0.0,0.0,0.0,0.0,0.0,0.0,0.0,0.0
2024-12-15 00:00:00+00:00,0.0,0.0,0.0,0.0,0.0,0.0,0.0,0.0
2024-12-16 00:00:00+00:00,0.0,0.0,0.0,0.0,0.0,0.0,0.0,0.0
2024-12-17 00:00:00+00:00,0.0,0.0,0.0,0.0,0.0,0.0,0.0,0.0
2024-12-18 00:00:00+00:00,0.0,0.0,0.0,0.0,0.0,0.0,0.0,0.0
2024-12-19 00:00:00+00:00,0.0,0.0,0.0,0.0,0.0,0.0,0.0,0.0
2024-12-20 00:00:00+00:00,0.0,0.0,0.0,0.0,0.0,0.0,0.0,0.0
2024-12-21 00:00:00+00:00,0.0,0.0,0.0,0.0,0.0,0.0,0.0,0.0
2024-12-22 00:00:00+00:00,0.0,0.0,0.0,0.0,0.0,0.0,0.0,0.0
2024-12-23 00:00:00+00:00,1.0,1.0,1.0,702.0,0.0,0.0,0.0,1.0
2024-12-24 00:00:00+00:00,0.0,0.0,0.0,0.0,0.0,0.0,0.0,0.0
2024-12-25 00:00:00+00:00,0.0,0.0,0.0,0.0,0.0,0.0,0.0,0.0
2024-12-26 00:00:00+00:00,0.0,0.0,0.0,0.0,0.0,0.0,0.0,0.0
2024-12-27 00:00:00+00:00,0.0,0.0,0.0,0.0,0.0,0.0,0.0,0.0
2024-12-28 00:00:00+00:00,0.0,0.0,0.0,0.0,0.0,0.0,0.0,0.0
2024-12-29 00:00:00+00:00,0.0,0.0,0.0,0.0,0.0,0.0,0.0,0.0
2024-12-30 00:00:00+00:00,0.0,0.0,0.0,0.0,0.0,0.0,0.0,0.0
2024-12-31 00:00:00+00:00,0.0,0.0,0.0,0.0,0.0,0.0,0.0,0.0
2025-01-01 00:00:00+00:00,0.0,0.0,0.0,0.0,0.0,0.0,0.0,0.0
2025-01-02 00:00:00+00:00,0.0,0.0,0.0,0.0,0.0,0.0,0.0,0.0
2025-01-03 00:00:00+00:00,0.0,0.0,0.0,0.0,0.0,0.0,0.0,0.0
2025-01-04 00:00:00+00:00,0.0,0.0,0.0,0.0,0.0,0.0,0.0,0.0
2025-01-05 00:00:00+00:00,0.0,0.0,0.0,0.0,0.0,0.0,0.0,0.0
2025-01-06 00:00:00+00:00,0.0,0.0,0.0,0.0,0.0,0.0,0.0,0.0
2025-01-07 00:00:00+00:00,0.0,0.0,0.0,0.0,0.0,0.0,0.0,0.0
2025-01-08 00:00:00+00:00,0.0,0.0,0.0,0.0,0.0,0.0,0.0,0.0
2025-01-09 00:00:00+00:00,0.0,0.0,0.0,0.0,0.0,0.0,0.0,0.0
2025-01-10 00:00:00+00:00,0.0,0.0,0.0,0.0,0.0,0.0,0.0,0.0
2025-01-11 00:00:00+00:00,0.0,0.0,0.0,0.0,0.0,0.0,0.0,0.0
2025-01-12 00:00:00+00:00,0.0,0.0,0.0,0.0,0.0,0.0,0.0,0.0
2025-01-13 00:00:00+00:00,0.0,0.0,0.0,0.0,0.0,0.0,0.0,0.0
2025-01-14 00:00:00+00:00,0.0,0.0,0.0,0.0,0.0,0.0,0.0,0.0
2025-01-15 00:00:00+00:00,0.0,0.0,0.0,0.0,0.0,0.0,0.0,0.0
2025-01-16 00:00:00+00:00,0.0,0.0,0.0,0.0,0.0,0.0,0.0,0.0
2025-01-17 00:00:00+00:00,0.0,0.0,0.0,0.0,0.0,0.0,0.0,0.0
2025-01-18 00:00:00+00:00,0.0,0.0,0.0,0.0,0.0,0.0,0.0,0.0
2025-01-19 00:00:00+00:00,0.0,0.0,0.0,0.0,0.0,0.0,0.0,0.0
2025-01-20 00:00:00+00:00,0.0,0.0,0.0,0.0,0.0,0.0,0.0,0.0
2025-01-21 00:00:00+00:00,0.0,0.0,0.0,0.0,0.0,0.0,0.0,0.0
2025-01-22 00:00:00+00:00,0.0,0.0,0.0,0.0,0.0,0.0,0.0,0.0
2025-01-23 00:00:00+00:00,0.0,0.0,0.0,0.0,0.0,0.0,0.0,0.0
2025-01-24 00:00:00+00:00,0.0,0.0,0.0,0.0,0.0,0.0,0.0,0.0
2025-01-25 00:00:00+00:00,0.0,0.0,0.0,0.0,0.0,0.0,0.0,0.0
2025-01-26 00:00:00+00:00,0.0,0.0,0.0,0.0,0.0,0.0,0.0,0.0
2025-01-27 00:00:00+00:00,0.0,0.0,0.0,0.0,0.0,0.0,0.0,0.0
2025-01-28 00:00:00+00:00,0.0,0.0,0.0,0.0,0.0,0.0,0.0,0.0
2025-01-29 00:00:00+00:00,0.0,0.0,0.0,0.0,0.0,0.0,0.0,0.0
2025-01-30 00:00:00+00:00,2.0,1.0,1.0,0.0,0.0,1.0,0.0,1.0
2025-01-31 00:00:00+00:00,0.0,0.0,0.0,0.0,0.0,0.0,0.0,0.0
2025-02-01 00:00:00+00:00,0.0,0.0,0.0,0.0,0.0,0.0,0.0,0.0
2025-02-02 00:00:00+00:00,0.0,0.0,0.0,0.0,0.0,0.0,0.0,0.0
2025-02-03 00:00:00+00:00,0.0,0.0,0.0,0.0,0.0,0.0,0.0,0.0
2025-02-04 00:00:00+00:00,0.0,0.0,0.0,0.0,0.0,0.0,0.0,0.0
2025-02-05 00:00:00+00:00,0.0,0.0,0.0,0.0,0.0,0.0,0.0,0.0
2025-02-06 00:00:00+00:00,1.0,1.0,0.0,3.0,0.0,0.0,0.0,0.0
2025-02-07 00:00:00+00:00,0.0,0.0,0.0,0.0,0.0,0.0,0.0,0.0
2025-02-08 00:00:00+00:00,1.0,1.0,1.0,3.0,1.0,0.0,0.0,1.0
2025-02-09 00:00:00+00:00,0.0,0.0,0.0,0.0,0.0,0.0,0.0,0.0
2025-02-10 00:00:00+00:00,0.0,0.0,0.0,0.0,0.0,0.0,0.0,0.0
2025-02-11 00:00:00+00:00,0.0,0.0,0.0,0.0,0.0,0.0,0.0,0.0
2025-02-12 00:00:00+00:00,0.0,0.0,0.0,0.0,0.0,0.0,0.0,0.0
2025-02-13 00:00:00+00:00,0.0,0.0,0.0,0.0,0.0,0.0,0.0,0.0
2025-02-14 00:00:00+00:00,0.0,0.0,0.0,0.0,0.0,0.0,0.0,0.0
2025-02-15 00:00:00+00:00,1.0,1.0,0.0,2547.0,0.0,0.0,0.0,0.0
2025-02-16 00:00:00+00:00,0.0,0.0,0.0,0.0,0.0,0.0,0.0,0.0
2025-02-17 00:00:00+00:00,0.0,0.0,0.0,0.0,0.0,0.0,0.0,0.0
2025-02-18 00:00:00+00:00,0.0,0.0,0.0,0.0,0.0,0.0,0.0,0.0
2025-02-19 00:00:00+00:00,0.0,0.0,0.0,0.0,0.0,0.0,0.0,0.0
2025-02-20 00:00:00+00:00,0.0,0.0,0.0,0.0,0.0,0.0,0.0,0.0
2025-02-21 00:00:00+00:00,0.0,0.0,0.0,0.0,0.0,0.0,0.0,0.0
2025-02-22 00:00:00+00:00,0.0,0.0,0.0,0.0,0.0,0.0,0.0,0.0
2025-02-23 00:00:00+00:00,0.0,0.0,0.0,0.0,0.0,0.0,0.0,0.0
2025-02-24 00:00:00+00:00,0.0,0.0,0.0,0.0,0.0,0.0,0.0,0.0
2025-02-25 00:00:00+00:00,0.0,0.0,0.0,0.0,0.0,0.0,0.0,0.0
2025-02-26 00:00:00+00:00,0.0,0.0,0.0,0.0,0.0,0.0,0.0,0.0
2025-02-27 00:00:00+00:00,0.0,0.0,0.0,0.0,0.0,0.0,0.0,0.0
2025-02-28 00:00:00+00:00,0.0,0.0,0.0,0.0,0.0,0.0,0.0,0.0
2025-03-01 00:00:00+00:00,0.0,0.0,0.0,0.0,0.0,0.0,0.0,0.0
2025-03-02 00:00:00+00:00,0.0,0.0,0.0,0.0,0.0,0.0,0.0,0.0
2025-03-03 00:00:00+00:00,0.0,0.0,0.0,0.0,0.0,0.0,0.0,0.0
2025-03-04 00:00:00+00:00,0.0,0.0,0.0,0.0,0.0,0.0,0.0,0.0
2025-03-05 00:00:00+00:00,3.0,3.0,2.0,1.0,0.0,0.6666666666666666,0.0,0.6666666666666666
2025-03-06 00:00:00+00:00,0.0,0.0,0.0,0.0,0.0,0.0,0.0,0.0
2025-03-07 00:00:00+00:00,0.0,0.0,0.0,0.0,0.0,0.0,0.0,0.0
2025-03-08 00:00:00+00:00,0.0,0.0,0.0,0.0,0.0,0.0,0.0,0.0
2025-03-09 00:00:00+00:00,1.0,1.0,1.0,1.0,0.0,0.0,0.0,1.0
2025-03-10 00:00:00+00:00,0.0,0.0,0.0,0.0,0.0,0.0,0.0,0.0
2025-03-11 00:00:00+00:00,0.0,0.0,0.0,0.0,0.0,0.0,0.0,0.0
2025-03-12 00:00:00+00:00,0.0,0.0,0.0,0.0,0.0,0.0,0.0,0.0
2025-03-13 00:00:00+00:00,0.0,0.0,0.0,0.0,0.0,0.0,0.0,0.0
2025-03-14 00:00:00+00:00,0.0,0.0,0.0,0.0,0.0,0.0,0.0,0.0
2025-03-15 00:00:00+00:00,0.0,0.0,0.0,0.0,0.0,0.0,0.0,0.0
2025-03-16 00:00:00+00:00,0.0,0.0,0.0,0.0,0.0,0.0,0.0,0.0
2025-03-17 00:00:00+00:00,0.0,0.0,0.0,0.0,0.0,0.0,0.0,0.0
2025-03-18 00:00:00+00:00,0.0,0.0,0.0,0.0,0.0,0.0,0.0,0.0
2025-03-19 00:00:00+00:00,0.0,0.0,0.0,0.0,0.0,0.0,0.0,0.0
2025-03-20 00:00:00+00:00,0.0,0.0,0.0,0.0,0.0,0.0,0.0,0.0
2025-03-21 00:00:00+00:00,0.0,0.0,0.0,0.0,0.0,0.0,0.0,0.0
2025-03-22 00:00:00+00:00,0.0,0.0,0.0,0.0,0.0,0.0,0.0,0.0
2025-03-23 00:00:00+00:00,0.0,0.0,0.0,0.0,0.0,0.0,0.0,0.0
2025-03-24 00:00:00+00:00,0.0,0.0,0.0,0.0,0.0,0.0,0.0,0.0
2025-03-25 00:00:00+00:00,0.0,0.0,0.0,0.0,0.0,0.0,0.0,0.0
2025-03-26 00:00:00+00:00,0.0,0.0,0.0,0.0,0.0,0.0,0.0,0.0
2025-03-27 00:00:00+00:00,0.0,0.0,0.0,0.0,0.0,0.0,0.0,0.0
2025-03-28 00:00:00+00:00,0.0,0.0,0.0,0.0,0.0,0.0,0.0,0.0
2025-03-29 00:00:00+00:00,0.0,0.0,0.0,0.0,0.0,0.0,0.0,0.0
2025-03-30 00:00:00+00:00,0.0,0.0,0.0,0.0,0.0,0.0,0.0,0.0
2025-03-31 00:00:00+00:00,4.0,3.0,2.0,15.0,0.5,0.0,0.0,0.6666666666666666
2025-04-01 00:00:00+00:00,0.0,0.0,0.0,0.0,0.0,0.0,0.0,0.0
2025-04-02 00:00:00+00:00,0.0,0.0,0.0,0.0,0.0,0.0,0.0,0.0
2025-04-03 00:00:00+00:00,1.0,1.0,0.0,0.0,0.0,1.0,0.0,0.0
2025-04-04 00:00:00+00:00,0.0,0.0,0.0,0.0,0.0,0.0,0.0,0.0
2025-04-05 00:00:00+00:00,0.0,0.0,0.0,0.0,0.0,0.0,0.0,0.0
2025-04-06 00:00:00+00:00,0.0,0.0,0.0,0.0,0.0,0.0,0.0,0.0
2025-04-07 00:00:00+00:00,0.0,0.0,0.0,0.0,0.0,0.0,0.0,0.0
2025-04-08 00:00:00+00:00,0.0,0.0,0.0,0.0,0.0,0.0,0.0,0.0
2025-04-09 00:00:00+00:00,0.0,0.0,0.0,0.0,0.0,0.0,0.0,0.0
2025-04-10 00:00:00+00:00,0.0,0.0,0.0,0.0,0.0,0.0,0.0,0.0
2025-04-11 00:00:00+00:00,0.0,0.0,0.0,0.0,0.0,0.0,0.0,0.0
2025-04-12 00:00:00+00:00,0.0,0.0,0.0,0.0,0.0,0.0,0.0,0.0
2025-04-13 00:00:00+00:00,0.0,0.0,0.0,0.0,0.0,0.0,0.0,0.0
2025-04-14 00:00:00+00:00,0.0,0.0,0.0,0.0,0.0,0.0,0.0,0.0
2025-04-15 00:00:00+00:00,0.0,0.0,0.0,0.0,0.0,0.0,0.0,0.0
2025-04-16 00:00:00+00:00,0.0,0.0,0.0,0.0,0.0,0.0,0.0,0.0
2025-04-17 00:00:00+00:00,0.0,0.0,0.0,0.0,0.0,0.0,0.0,0.0
2025-04-18 00:00:00+00:00,0.0,0.0,0.0,0.0,0.0,0.0,0.0,0.0
2025-04-19 00:00:00+00:00,0.0,0.0,0.0,0.0,0.0,0.0,0.0,0.0
2025-04-20 00:00:00+00:00,0.0,0.0,0.0,0.0,0.0,0.0,0.0,0.0
2025-04-21 00:00:00+00:00,0.0,0.0,0.0,0.0,0.0,0.0,0.0,0.0
2025-04-22 00:00:00+00:00,0.0,0.0,0.0,0.0,0.0,0.0,0.0,0.0
2025-04-23 00:00:00+00:00,0.0,0.0,0.0,0.0,0.0,0.0,0.0,0.0
2025-04-24 00:00:00+00:00,0.0,0.0,0.0,0.0,0.0,0.0,0.0,0.0
2025-04-25 00:00:00+00:00,2.0,2.0,1.0,1.0,0.5,0.0,0.0,0.5
2025-04-26 00:00:00+00:00,0.0,0.0,0.0,0.0,0.0,0.0,0.0,0.0
2025-04-27 00:00:00+00:00,0.0,0.0,0.0,0.0,0.0,0.0,0.0,0.0
2025-04-28 00:00:00+00:00,0.0,0.0,0.0,0.0,0.0,0.0,0.0,0.0
2025-04-29 00:00:00+00:00,0.0,0.0,0.0,0.0,0.0,0.0,0.0,0.0
2025-04-30 00:00:00+00:00,0.0,0.0,0.0,0.0,0.0,0.0,0.0,0.0
2025-05-01 00:00:00+00:00,0.0,0.0,0.0,0.0,0.0,0.0,0.0,0.0
2025-05-02 00:00:00+00:00,0.0,0.0,0.0,0.0,0.0,0.0,0.0,0.0
2025-05-03 00:00:00+00:00,0.0,0.0,0.0,0.0,0.0,0.0,0.0,0.0
2025-05-04 00:00:00+00:00,0.0,0.0,0.0,0.0,0.0,0.0,0.0,0.0
2025-05-05 00:00:00+00:00,0.0,0.0,0.0,0.0,0.0,0.0,0.0,0.0
2025-05-06 00:00:00+00:00,0.0,0.0,0.0,0.0,0.0,0.0,0.0,0.0
2025-05-07 00:00:00+00:00,0.0,0.0,0.0,0.0,0.0,0.0,0.0,0.0
2025-05-08 00:00:00+00:00,0.0,0.0,0.0,0.0,0.0,0.0,0.0,0.0
2025-05-09 00:00:00+00:00,0.0,0.0,0.0,0.0,0.0,0.0,0.0,0.0
2025-05-10 00:00:00+00:00,0.0,0.0,0.0,0.0,0.0,0.0,0.0,0.0
2025-05-11 00:00:00+00:00,0.0,0.0,0.0,0.0,0.0,0.0,0.0,0.0
2025-05-12 00:00:00+00:00,0.0,0.0,0.0,0.0,0.0,0.0,0.0,0.0
2025-05-13 00:00:00+00:00,1.0,1.0,0.0,0.0,0.0,1.0,0.0,0.0
2025-05-14 00:00:00+00:00,0.0,0.0,0.0,0.0,0.0,0.0,0.0,0.0
2025-05-15 00:00:00+00:00,0.0,0.0,0.0,0.0,0.0,0.0,0.0,0.0
2025-05-16 00:00:00+00:00,0.0,0.0,0.0,0.0,0.0,0.0,0.0,0.0
2025-05-17 00:00:00+00:00,0.0,0.0,0.0,0.0,0.0,0.0,0.0,0.0
2025-05-18 00:00:00+00:00,0.0,0.0,0.0,0.0,0.0,0.0,0.0,0.0
2025-05-19 00:00:00+00:00,1.0,1.0,1.0,12.0,0.0,0.0,0.0,1.0
2025-05-20 00:00:00+00:00,1.0,1.0,0.0,8.0,0.0,0.0,0.0,0.0
2025-05-21 00:00:00+00:00,0.0,0.0,0.0,0.0,0.0,0.0,0.0,0.0
2025-05-22 00:00:00+00:00,0.0,0.0,0.0,0.0,0.0,0.0,0.0,0.0
2025-05-23 00:00:00+00:00,0.0,0.0,0.0,0.0,0.0,0.0,0.0,0.0
2025-05-24 00:00:00+00:00,0.0,0.0,0.0,0.0,0.0,0.0,0.0,0.0
2025-05-25 00:00:00+00:00,0.0,0.0,0.0,0.0,0.0,0.0,0.0,0.0
2025-05-26 00:00:00+00:00,0.0,0.0,0.0,0.0,0.0,0.0,0.0,0.0
2025-05-27 00:00:00+00:00,0.0,0.0,0.0,0.0,0.0,0.0,0.0,0.0
2025-05-28 00:00:00+00:00,0.0,0.0,0.0,0.0,0.0,0.0,0.0,0.0
2025-05-29 00:00:00+00:00,0.0,0.0,0.0,0.0,0.0,0.0,0.0,0.0
2025-05-30 00:00:00+00:00,0.0,0.0,0.0,0.0,0.0,0.0,0.0,0.0
2025-05-31 00:00:00+00:00,0.0,0.0,0.0,0.0,0.0,0.0,0.0,0.0
2025-06-01 00:00:00+00:00,0.0,0.0,0.0,0.0,0.0,0.0,0.0,0.0
2025-06-02 00:00:00+00:00,0.0,0.0,0.0,0.0,0.0,0.0,0.0,0.0
2025-06-03 00:00:00+00:00,0.0,0.0,0.0,0.0,0.0,0.0,0.0,0.0
2025-06-04 00:00:00+00:00,0.0,0.0,0.0,0.0,0.0,0.0,0.0,0.0
2025-06-05 00:00:00+00:00,0.0,0.0,0.0,0.0,0.0,0.0,0.0,0.0
2025-06-06 00:00:00+00:00,2.0,2.0,2.0,1.0,0.5,0.0,0.0,1.0
2025-06-07 00:00:00+00:00,0.0,0.0,0.0,0.0,0.0,0.0,0.0,0.0
2025-06-08 00:00:00+00:00,0.0,0.0,0.0,0.0,0.0,0.0,0.0,0.0
2025-06-09 00:00:00+00:00,0.0,0.0,0.0,0.0,0.0,0.0,0.0,0.0
2025-06-10 00:00:00+00:00,0.0,0.0,0.0,0.0,0.0,0.0,0.0,0.0
2025-06-11 00:00:00+00:00,0.0,0.0,0.0,0.0,0.0,0.0,0.0,0.0
2025-06-12 00:00:00+00:00,0.0,0.0,0.0,0.0,0.0,0.0,0.0,0.0
2025-06-13 00:00:00+00:00,0.0,0.0,0.0,0.0,0.0,0.0,0.0,0.0
2025-06-14 00:00:00+00:00,0.0,0.0,0.0,0.0,0.0,0.0,0.0,0.0
2025-06-15 00:00:00+00:00,0.0,0.0,0.0,0.0,0.0,0.0,0.0,0.0
2025-06-16 00:00:00+00:00,0.0,0.0,0.0,0.0,0.0,0.0,0.0,0.0
2025-06-17 00:00:00+00:00,3.0,1.0,1.0,169.66666666666666,0.0,0.0,0.0,1.0
2025-06-18 00:00:00+00:00,0.0,0.0,0.0,0.0,0.0,0.0,0.0,0.0
2025-06-19 00:00:00+00:00,0.0,0.0,0.0,0.0,0.0,0.0,0.0,0.0
2025-06-20 00:00:00+00:00,0.0,0.0,0.0,0.0,0.0,0.0,0.0,0.0
2025-06-21 00:00:00+00:00,0.0,0.0,0.0,0.0,0.0,0.0,0.0,0.0
2025-06-22 00:00:00+00:00,0.0,0.0,0.0,0.0,0.0,0.0,0.0,0.0
2025-06-23 00:00:00+00:00,0.0,0.0,0.0,0.0,0.0,0.0,0.0,0.0
2025-06-24 00:00:00+00:00,0.0,0.0,0.0,0.0,0.0,0.0,0.0,0.0
2025-06-25 00:00:00+00:00,0.0,0.0,0.0,0.0,0.0,0.0,0.0,0.0
2025-06-26 00:00:00+00:00,0.0,0.0,0.0,0.0,0.0,0.0,0.0,0.0
2025-06-27 00:00:00+00:00,0.0,0.0,0.0,0.0,0.0,0.0,0.0,0.0
2025-06-28 00:00:00+00:00,0.0,0.0,0.0,0.0,0.0,0.0,0.0,0.0
2025-06-29 00:00:00+00:00,0.0,0.0,0.0,0.0,0.0,0.0,0.0,0.0
2025-06-30 00:00:00+00:00,0.0,0.0,0.0,0.0,0.0,0.0,0.0,0.0
2025-07-01 00:00:00+00:00,0.0,0.0,0.0,0.0,0.0,0.0,0.0,0.0
2025-07-02 00:00:00+00:00,0.0,0.0,0.0,0.0,0.0,0.0,0.0,0.0
2025-07-03 00:00:00+00:00,2.0,1.0,1.0,150.0,0.0,0.0,0.0,1.0
2025-07-04 00:00:00+00:00,0.0,0.0,0.0,0.0,0.0,0.0,0.0,0.0
2025-07-05 00:00:00+00:00,0.0,0.0,0.0,0.0,0.0,0.0,0.0,0.0
2025-07-06 00:00:00+00:00,0.0,0.0,0.0,0.0,0.0,0.0,0.0,0.0
2025-07-07 00:00:00+00:00,2.0,1.0,1.0,112.5,0.0,0.0,0.0,1.0
2025-07-08 00:00:00+00:00,0.0,0.0,0.0,0.0,0.0,0.0,0.0,0.0
2025-07-09 00:00:00+00:00,0.0,0.0,0.0,0.0,0.0,0.0,0.0,0.0
2025-07-10 00:00:00+00:00,0.0,0.0,0.0,0.0,0.0,0.0,0.0,0.0
2025-07-11 00:00:00+00:00,0.0,0.0,0.0,0.0,0.0,0.0,0.0,0.0
2025-07-12 00:00:00+00:00,0.0,0.0,0.0,0.0,0.0,0.0,0.0,0.0
2025-07-13 00:00:00+00:00,0.0,0.0,0.0,0.0,0.0,0.0,0.0,0.0
2025-07-14 00:00:00+00:00,0.0,0.0,0.0,0.0,0.0,0.0,0.0,0.0
2025-07-15 00:00:00+00:00,0.0,0.0,0.0,0.0,0.0,0.0,0.0,0.0
2025-07-16 00:00:00+00:00,0.0,0.0,0.0,0.0,0.0,0.0,0.0,0.0
2025-07-17 00:00:00+00:00,0.0,0.0,0.0,0.0,0.0,0.0,0.0,0.0
2025-07-18 00:00:00+00:00,0.0,0.0,0.0,0.0,0.0,0.0,0.0,0.0
2025-07-19 00:00:00+00:00,0.0,0.0,0.0,0.0,0.0,0.0,0.0,0.0
2025-07-20 00:00:00+00:00,0.0,0.0,0.0,0.0,0.0,0.0,0.0,0.0
2025-07-21 00:00:00+00:00,0.0,0.0,0.0,0.0,0.0,0.0,0.0,0.0
2025-07-22 00:00:00+00:00,0.0,0.0,0.0,0.0,0.0,0.0,0.0,0.0
2025-07-23 00:00:00+00:00,0.0,0.0,0.0,0.0,0.0,0.0,0.0,0.0
2025-07-24 00:00:00+00:00,0.0,0.0,0.0,0.0,0.0,0.0,0.0,0.0
2025-07-25 00:00:00+00:00,1.0,1.0,1.0,1.0,0.0,0.0,0.0,1.0
2025-07-26 00:00:00+00:00,1.0,1.0,0.0,0.0,0.0,1.0,0.0,0.0
2025-07-27 00:00:00+00:00,0.0,0.0,0.0,0.0,0.0,0.0,0.0,0.0
2025-07-28 00:00:00+00:00,0.0,0.0,0.0,0.0,0.0,0.0,0.0,0.0
2025-07-29 00:00:00+00:00,1.0,1.0,1.0,42.0,0.0,0.0,0.0,1.0
2025-07-30 00:00:00+00:00,1.0,1.0,1.0,42.0,1.0,0.0,0.0,1.0
2025-07-31 00:00:00+00:00,0.0,0.0,0.0,0.0,0.0,0.0,0.0,0.0
2025-08-01 00:00:00+00:00,0.0,0.0,0.0,0.0,0.0,0.0,0.0,0.0
2025-08-02 00:00:00+00:00,0.0,0.0,0.0,0.0,0.0,0.0,0.0,0.0
2025-08-03 00:00:00+00:00,0.0,0.0,0.0,0.0,0.0,0.0,0.0,0.0
2025-08-04 00:00:00+00:00,0.0,0.0,0.0,0.0,0.0,0.0,0.0,0.0
2025-08-05 00:00:00+00:00,0.0,0.0,0.0,0.0,0.0,0.0,0.0,0.0
2025-08-06 00:00:00+00:00,0.0,0.0,0.0,0.0,0.0,0.0,0.0,0.0
2025-08-07 00:00:00+00:00,0.0,0.0,0.0,0.0,0.0,0.0,0.0,0.0
2025-08-08 00:00:00+00:00,0.0,0.0,0.0,0.0,0.0,0.0,0.0,0.0
2025-08-09 00:00:00+00:00,3.0,3.0,3.0,43.0,0.3333333333333333,0.0,0.0,1.0
2025-08-10 00:00:00+00:00,0.0,0.0,0.0,0.0,0.0,0.0,0.0,0.0
2025-08-11 00:00:00+00:00,1.0,1.0,0.0,0.0,0.0,1.0,0.0,0.0
2025-08-12 00:00:00+00:00,0.0,0.0,0.0,0.0,0.0,0.0,0.0,0.0
2025-08-13 00:00:00+00:00,0.0,0.0,0.0,0.0,0.0,0.0,0.0,0.0
2025-08-14 00:00:00+00:00,0.0,0.0,0.0,0.0,0.0,0.0,0.0,0.0
2025-08-15 00:00:00+00:00,0.0,0.0,0.0,0.0,0.0,0.0,0.0,0.0
2025-08-16 00:00:00+00:00,0.0,0.0,0.0,0.0,0.0,0.0,0.0,0.0
2025-08-17 00:00:00+00:00,0.0,0.0,0.0,0.0,0.0,0.0,0.0,0.0
2025-08-18 00:00:00+00:00,0.0,0.0,0.0,0.0,0.0,0.0,0.0,0.0
2025-08-19 00:00:00+00:00,0.0,0.0,0.0,0.0,0.0,0.0,0.0,0.0
2025-08-20 00:00:00+00:00,0.0,0.0,0.0,0.0,0.0,0.0,0.0,0.0
2025-08-21 00:00:00+00:00,0.0,0.0,0.0,0.0,0.0,0.0,0.0,0.0
2025-08-22 00:00:00+00:00,0.0,0.0,0.0,0.0,0.0,0.0,0.0,0.0
2025-08-23 00:00:00+00:00,0.0,0.0,0.0,0.0,0.0,0.0,0.0,0.0
2025-08-24 00:00:00+00:00,0.0,0.0,0.0,0.0,0.0,0.0,0.0,0.0
2025-08-25 00:00:00+00:00,0.0,0.0,0.0,0.0,0.0,0.0,0.0,0.0
2025-08-26 00:00:00+00:00,0.0,0.0,0.0,0.0,0.0,0.0,0.0,0.0
2025-08-27 00:00:00+00:00,0.0,0.0,0.0,0.0,0.0,0.0,0.0,0.0
2025-08-28 00:00:00+00:00,3.0,1.0,1.0,6.666666666666667,0.0,0.0,0.0,1.0
2025-08-29 00:00:00+00:00,0.0,0.0,0.0,0.0,0.0,0.0,0.0,0.0
2025-08-30 00:00:00+00:00,0.0,0.0,0.0,0.0,0.0,0.0,0.0,0.0
2025-08-31 00:00:00+00:00,0.0,0.0,0.0,0.0,0.0,0.0,0.0,0.0
2025-09-01 00:00:00+00:00,0.0,0.0,0.0,0.0,0.0,0.0,0.0,0.0
2025-09-02 00:00:00+00:00,0.0,0.0,0.0,0.0,0.0,0.0,0.0,0.0
2025-09-03 00:00:00+00:00,0.0,0.0,0.0,0.0,0.0,0.0,0.0,0.0
2025-09-04 00:00:00+00:00,0.0,0.0,0.0,0.0,0.0,0.0,0.0,0.0
2025-09-05 00:00:00+00:00,0.0,0.0,0.0,0.0,0.0,0.0,0.0,0.0
2025-09-06 00:00:00+00:00,0.0,0.0,0.0,0.0,0.0,0.0,0.0,0.0
2025-09-07 00:00:00+00:00,0.0,0.0,0.0,0.0,0.0,0.0,0.0,0.0
2025-09-08 00:00:00+00:00,0.0,0.0,0.0,0.0,0.0,0.0,0.0,0.0
2025-09-09 00:00:00+00:00,0.0,0.0,0.0,0.0,0.0,0.0,0.0,0.0
2025-09-10 00:00:00+00:00,0.0,0.0,0.0,0.0,0.0,0.0,0.0,0.0
2025-09-11 00:00:00+00:00,0.0,0.0,0.0,0.0,0.0,0.0,0.0,0.0
2025-09-12 00:00:00+00:00,0.0,0.0,0.0,0.0,0.0,0.0,0.0,0.0
2025-09-13 00:00:00+00:00,0.0,0.0,0.0,0.0,0.0,0.0,0.0,0.0
2025-09-14 00:00:00+00:00,0.0,0.0,0.0,0.0,0.0,0.0,0.0,0.0
2025-09-15 00:00:00+00:00,0.0,0.0,0.0,0.0,0.0,0.0,0.0,0.0
2025-09-16 00:00:00+00:00,0.0,0.0,0.0,0.0,0.0,0.0,0.0,0.0
2025-09-17 00:00:00+00:00,0.0,0.0,0.0,0.0,0.0,0.0,0.0,0.0
2025-09-18 00:00:00+00:00,0.0,0.0,0.0,0.0,0.0,0.0,0.0,0.0
2025-09-19 00:00:00+00:00,0.0,0.0,0.0,0.0,0.0,0.0,0.0,0.0
2025-09-20 00:00:00+00:00,0.0,0.0,0.0,0.0,0.0,0.0,0.0,0.0
2025-09-21 00:00:00+00:00,0.0,0.0,0.0,0.0,0.0,0.0,0.0,0.0
2025-09-22 00:00:00+00:00,0.0,0.0,0.0,0.0,0.0,0.0,0.0,0.0
2025-09-23 00:00:00+00:00,0.0,0.0,0.0,0.0,0.0,0.0,0.0,0.0
2025-09-24 00:00:00+00:00,0.0,0.0,0.0,0.0,0.0,0.0,0.0,0.0
2025-09-25 00:00:00+00:00,0.0,0.0,0.0,0.0,0.0,0.0,0.0,0.0
2025-09-26 00:00:00+00:00,0.0,0.0,0.0,0.0,0.0,0.0,0.0,0.0
2025-09-27 00:00:00+00:00,0.0,0.0,0.0,0.0,0.0,0.0,0.0,0.0
2025-09-28 00:00:00+00:00,0.0,0.0,0.0,0.0,0.0,0.0,0.0,0.0
2025-09-29 00:00:00+00:00,0.0,0.0,0.0,0.0,0.0,0.0,0.0,0.0
2025-09-30 00:00:00+00:00,0.0,0.0,0.0,0.0,0.0,0.0,0.0,0.0
2025-10-01 00:00:00+00:00,0.0,0.0,0.0,0.0,0.0,0.0,0.0,0.0
2025-10-02 00:00:00+00:00,0.0,0.0,0.0,0.0,0.0,0.0,0.0,0.0
2025-10-03 00:00:00+00:00,0.0,0.0,0.0,0.0,0.0,0.0,0.0,0.0
2025-10-04 00:00:00+00:00,0.0,0.0,0.0,0.0,0.0,0.0,0.0,0.0
2025-10-05 00:00:00+00:00,0.0,0.0,0.0,0.0,0.0,0.0,0.0,0.0
2025-10-06 00:00:00+00:00,1.0,1.0,1.0,21.0,0.0,0.0,0.0,1.0
2025-10-07 00:00:00+00:00,0.0,0.0,0.0,0.0,0.0,0.0,0.0,0.0
2025-10-08 00:00:00+00:00,0.0,0.0,0.0,0.0,0.0,0.0,0.0,0.0
2025-10-09 00:00:00+00:00,0.0,0.0,0.0,0.0,0.0,0.0,0.0,0.0
2025-10-10 00:00:00+00:00,0.0,0.0,0.0,0.0,0.0,0.0,0.0,0.0
2025-10-11 00:00:00+00:00,0.0,0.0,0.0,0.0,0.0,0.0,0.0,0.0
2025-10-12 00:00:00+00:00,0.0,0.0,0.0,0.0,0.0,0.0,0.0,0.0
2025-10-13 00:00:00+00:00,1.0,1.0,1.0,0.0,0.0,0.0,0.0,1.0
2025-10-14 00:00:00+00:00,0.0,0.0,0.0,0.0,0.0,0.0,0.0,0.0
2025-10-15 00:00:00+00:00,0.0,0.0,0.0,0.0,0.0,0.0,0.0,0.0
2025-10-16 00:00:00+00:00,0.0,0.0,0.0,0.0,0.0,0.0,0.0,0.0
2025-10-17 00:00:00+00:00,0.0,0.0,0.0,0.0,0.0,0.0,0.0,0.0
2025-10-18 00:00:00+00:00,0.0,0.0,0.0,0.0,0.0,0.0,0.0,0.0
2025-10-19 00:00:00+00:00,0.0,0.0,0.0,0.0,0.0,0.0,0.0,0.0
2025-10-20 00:00:00+00:00,0.0,0.0,0.0,0.0,0.0,0.0,0.0,0.0
2025-10-21 00:00:00+00:00,1.0,1.0,1.0,61.0,0.0,0.0,0.0,1.0
2025-10-22 00:00:00+00:00,0.0,0.0,0.0,0.0,0.0,0.0,0.0,0.0
2025-10-23 00:00:00+00:00,0.0,0.0,0.0,0.0,0.0,0.0,0.0,0.0
2025-10-24 00:00:00+00:00,0.0,0.0,0.0,0.0,0.0,0.0,0.0,0.0
2025-10-25 00:00:00+00:00,0.0,0.0,0.0,0.0,0.0,0.0,0.0,0.0
2025-10-26 00:00:00+00:00,0.0,0.0,0.0,0.0,0.0,0.0,0.0,0.0
2025-10-27 00:00:00+00:00,0.0,0.0,0.0,0.0,0.0,0.0,0.0,0.0
2025-10-28 00:00:00+00:00,0.0,0.0,0.0,0.0,0.0,0.0,0.0,0.0
2025-10-29 00:00:00+00:00,0.0,0.0,0.0,0.0,0.0,0.0,0.0,0.0
2025-10-30 00:00:00+00:00,0.0,0.0,0.0,0.0,0.0,0.0,0.0,0.0
2025-10-31 00:00:00+00:00,0.0,0.0,0.0,0.0,0.0,0.0,0.0,0.0
2025-11-01 00:00:00+00:00,0.0,0.0,0.0,0.0,0.0,0.0,0.0,0.0
2025-11-02 00:00:00+00:00,1.0,1.0,1.0,71.0,0.0,0.0,0.0,1.0
2025-11-03 00:00:00+00:00,0.0,0.0,0.0,0.0,0.0,0.0,0.0,0.0
2025-11-04 00:00:00+00:00,0.0,0.0,0.0,0.0,0.0,0.0,0.0,0.0
2025-11-05 00:00:00+00:00,0.0,0.0,0.0,0.0,0.0,0.0,0.0,0.0
2025-11-06 00:00:00+00:00,0.0,0.0,0.0,0.0,0.0,0.0,0.0,0.0
2025-11-07 00:00:00+00:00,1.0,1.0,0.0,23.0,0.0,0.0,0.0,0.0
2025-11-08 00:00:00+00:00,1.0,1.0,1.0,1.0,0.0,0.0,0.0,1.0
2025-11-09 00:00:00+00:00,0.0,0.0,0.0,0.0,0.0,0.0,0.0,0.0
2025-11-10 00:00:00+00:00,0.0,0.0,0.0,0.0,0.0,0.0,0.0,0.0
2025-11-11 00:00:00+00:00,0.0,0.0,0.0,0.0,0.0,0.0,0.0,0.0
2025-11-12 00:00:00+00:00,3.0,2.0,1.0,5.0,0.0,0.3333333333333333,0.0,0.5
2025-11-13 00:00:00+00:00,0.0,0.0,0.0,0.0,0.0,0.0,0.0,0.0
2025-11-14 00:00:00+00:00,0.0,0.0,0.0,0.0,0.0,0.0,0.0,0.0
2025-11-15 00:00:00+00:00,0.0,0.0,0.0,0.0,0.0,0.0,0.0,0.0
2025-11-16 00:00:00+00:00,0.0,0.0,0.0,0.0,0.0,0.0,0.0,0.0
2025-11-17 00:00:00+00:00,0.0,0.0,0.0,0.0,0.0,0.0,0.0,0.0
2025-11-18 00:00:00+00:00,0.0,0.0,0.0,0.0,0.0,0.0,0.0,0.0
2025-11-19 00:00:00+00:00,0.0,0.0,0.0,0.0,0.0,0.0,0.0,0.0
2025-11-20 00:00:00+00:00,0.0,0.0,0.0,0.0,0.0,0.0,0.0,0.0
2025-11-21 00:00:00+00:00,0.0,0.0,0.0,0.0,0.0,0.0,0.0,0.0
2025-11-22 00:00:00+00:00,0.0,0.0,0.0,0.0,0.0,0.0,0.0,0.0
2025-11-23 00:00:00+00:00,0.0,0.0,0.0,0.0,0.0,0.0,0.0,0.0
2025-11-24 00:00:00+00:00,0.0,0.0,0.0,0.0,0.0,0.0,0.0,0.0
2025-11-25 00:00:00+00:00,0.0,0.0,0.0,0.0,0.0,0.0,0.0,0.0
2025-11-26 00:00:00+00:00,0.0,0.0,0.0,0.0,0.0,0.0,0.0,0.0
2025-11-27 00:00:00+00:00,0.0,0.0,0.0,0.0,0.0,0.0,0.0,0.0
2025-11-28 00:00:00+00:00,0.0,0.0,0.0,0.0,0.0,0.0,0.0,0.0
2025-11-29 00:00:00+00:00,0.0,0.0,0.0,0.0,0.0,0.0,0.0,0.0
2025-11-30 00:00:00+00:00,0.0,0.0,0.0,0.0,0.0,0.0,0.0,0.0
2025-12-01 00:00:00+00:00,0.0,0.0,0.0,0.0,0.0,0.0,0.0,0.0
2025-12-02 00:00:00+00:00,4.0,1.0,0.0,1616.75,0.0,0.0,0.0,0.0
2025-12-03 00:00:00+00:00,0.0,0.0,0.0,0.0,0.0,0.0,0.0,0.0
2025-12-04 00:00:00+00:00,1.0,1.0,0.0,45.0,0.0,0.0,0.0,0.0
2025-12-05 00:00:00+00:00,0.0,0.0,0.0,0.0,0.0,0.0,0.0,0.0
2025-12-06 00:00:00+00:00,0.0,0.0,0.0,0.0,0.0,0.0,0.0,0.0
2025-12-07 00:00:00+00:00,0.0,0.0,0.0,0.0,0.0,0.0,0.0,0.0
2025-12-08 00:00:00+00:00,0.0,0.0,0.0,0.0,0.0,0.0,0.0,0.0
2025-12-09 00:00:00+00:00,0.0,0.0,0.0,0.0,0.0,0.0,0.0,0.0
2025-12-10 00:00:00+00:00,0.0,0.0,0.0,0.0,0.0,0.0,0.0,0.0
2025-12-11 00:00:00+00:00,1.0,1.0,0.0,27.0,0.0,0.0,0.0,0.0
2025-12-12 00:00:00+00:00,0.0,0.0,0.0,0.0,0.0,0.0,0.0,0.0
2025-12-13 00:00:00+00:00,0.0,0.0,0.0,0.0,0.0,0.0,0.0,0.0
2025-12-14 00:00:00+00:00,0.0,0.0,0.0,0.0,0.0,0.0,0.0,0.0
2025-12-15 00:00:00+00:00,0.0,0.0,0.0,0.0,0.0,0.0,0.0,0.0
2025-12-16 00:00:00+00:00,0.0,0.0,0.0,0.0,0.0,0.0,0.0,0.0
2025-12-17 00:00:00+00:00,0.0,0.0,0.0,0.0,0.0,0.0,0.0,0.0
2025-12-18 00:00:00+00:00,0.0,0.0,0.0,0.0,0.0,0.0,0.0,0.0
2025-12-19 00:00:00+00:00,0.0,0.0,0.0,0.0,0.0,0.0,0.0,0.0
2025-12-20 00:00:00+00:00,0.0,0.0,0.0,0.0,0.0,0.0,0.0,0.0
2025-12-21 00:00:00+00:00,0.0,0.0,0.0,0.0,0.0,0.0,0.0,0.0
2025-12-22 00:00:00+00:00,0.0,0.0,0.0,0.0,0.0,0.0,0.0,0.0
2025-12-23 00:00:00+00:00,0.0,0.0,0.0,0.0,0.0,0.0,0.0,0.0
2025-12-24 00:00:00+00:00,0.0,0.0,0.0,0.0,0.0,0.0,0.0,0.0
2025-12-25 00:00:00+00:00,0.0,0.0,0.0,0.0,0.0,0.0,0.0,0.0
2025-12-26 00:00:00+00:00,0.0,0.0,0.0,0.0,0.0,0.0,0.0,0.0
2025-12-27 00:00:00+00:00,0.0,0.0,0.0,0.0,0.0,0.0,0.0,0.0
2025-12-28 00:00:00+00:00,0.0,0.0,0.0,0.0,0.0,0.0,0.0,0.0
2025-12-29 00:00:00+00:00,0.0,0.0,0.0,0.0,0.0,0.0,0.0,0.0
2025-12-30 00:00:00+00:00,0.0,0.0,0.0,0.0,0.0,0.0,0.0,0.0
2025-12-31 00:00:00+00:00,0.0,0.0,0.0,0.0,0.0,0.0,0.0,0.0
2026-01-01 00:00:00+00:00,0.0,0.0,0.0,0.0,0.0,0.0,0.0,0.0
2026-01-02 00:00:00+00:00,1.0,1.0,1.0,38.0,0.0,0.0,0.0,1.0
2026-01-03 00:00:00+00:00,2.0,1.0,1.0,224.0,0.0,0.0,0.0,1.0
2026-01-04 00:00:00+00:00,0.0,0.0,0.0,0.0,0.0,0.0,0.0,0.0
2026-01-05 00:00:00+00:00,0.0,0.0,0.0,0.0,0.0,0.0,0.0,0.0
2026-01-06 00:00:00+00:00,0.0,0.0,0.0,0.0,0.0,0.0,0.0,0.0
2026-01-07 00:00:00+00:00,0.0,0.0,0.0,0.0,0.0,0.0,0.0,0.0
2026-01-08 00:00:00+00:00,0.0,0.0,0.0,0.0,0.0,0.0,0.0,0.0
2026-01-09 00:00:00+00:00,0.0,0.0,0.0,0.0,0.0,0.0,0.0,0.0
2026-01-10 00:00:00+00:00,0.0,0.0,0.0,0.0,0.0,0.0,0.0,0.0
2026-01-11 00:00:00+00:00,0.0,0.0,0.0,0.0,0.0,0.0,0.0,0.0
2026-01-12 00:00:00+00:00,0.0,0.0,0.0,0.0,0.0,0.0,0.0,0.0
2026-01-13 00:00:00+00:00,0.0,0.0,0.0,0.0,0.0,0.0,0.0,0.0
2026-01-14 00:00:00+00:00,0.0,0.0,0.0,0.0,0.0,0.0,0.0,0.0
2026-01-15 00:00:00+00:00,0.0,0.0,0.0,0.0,0.0,0.0,0.0,0.0
2026-01-16 00:00:00+00:00,0.0,0.0,0.0,0.0,0.0,0.0,0.0,0.0
2026-01-17 00:00:00+00:00,0.0,0.0,0.0,0.0,0.0,0.0,0.0,0.0
2026-01-18 00:00:00+00:00,0.0,0.0,0.0,0.0,0.0,0.0,0.0,0.0
2026-01-19 00:00:00+00:00,0.0,0.0,0.0,0.0,0.0,0.0,0.0,0.0
2026-01-20 00:00:00+00:00,0.0,0.0,0.0,0.0,0.0,0.0,0.0,0.0
2026-01-21 00:00:00+00:00,0.0,0.0,0.0,0.0,0.0,0.0,0.0,0.0
2026-01-22 00:00:00+00:00,0.0,0.0,0.0,0.0,0.0,0.0,0.0,0.0
2026-01-23 00:00:00+00:00,0.0,0.0,0.0,0.0,0.0,0.0,0.0,0.0
2026-01-24 00:00:00+00:00,0.0,0.0,0.0,0.0,0.0,0.0,0.0,0.0
2026-01-25 00:00:00+00:00,0.0,0.0,0.0,0.0,0.0,0.0,0.0,0.0
2026-01-26 00:00:00+00:00,0.0,0.0,0.0,0.0,0.0,0.0,0.0,0.0
2026-01-27 00:00:00+00:00,1.0,1.0,1.0,0.0,0.0,0.0,0.0,1.0
2026-01-28 00:00:00+00:00,0.0,0.0,0.0,0.0,0.0,0.0,0.0,0.0
2026-01-29 00:00:00+00:00,0.0,0.0,0.0,0.0,0.0,0.0,0.0,0.0
2026-01-30 00:00:00+00:00,0.0,0.0,0.0,0.0,0.0,0.0,0.0,0.0
2026-01-31 00:00:00+00:00,0.0,0.0,0.0,0.0,0.0,0.0,0.0,0.0
2026-02-01 00:00:00+00:00,0.0,0.0,0.0,0.0,0.0,0.0,0.0,0.0
2026-02-02 00:00:00+00:00,0.0,0.0,0.0,0.0,0.0,0.0,0.0,0.0
2026-02-03 00:00:00+00:00,0.0,0.0,0.0,0.0,0.0,0.0,0.0,0.0
2026-02-04 00:00:00+00:00,7.0,2.0,2.0,32.142857142857146,0.0,0.0,0.0,1.0
2026-02-05 00:00:00+00:00,0.0,0.0,0.0,0.0,0.0,0.0,0.0,0.0
2026-02-06 00:00:00+00:00,1.0,1.0,0.0,119.0,0.0,0.0,0.0,0.0
2026-02-07 00:00:00+00:00,1.0,1.0,0.0,162.0,1.0,0.0,0.0,0.0
2026-02-08 00:00:00+00:00,0.0,0.0,0.0,0.0,0.0,0.0,0.0,0.0
2026-02-09 00:00:00+00:00,0.0,0.0,0.0,0.0,0.0,0.0,0.0,0.0
2026-02-10 00:00:00+00:00,1.0,1.0,1.0,145.0,0.0,0.0,0.0,1.0
2026-02-11 00:00:00+00:00,0.0,0.0,0.0,0.0,0.0,0.0,0.0,0.0
2026-02-12 00:00:00+00:00,1.0,1.0,1.0,21.0,0.0,0.0,0.0,1.0
2026-02-13 00:00:00+00:00,0.0,0.0,0.0,0.0,0.0,0.0,0.0,0.0
2026-02-14 00:00:00+00:00,0.0,0.0,0.0,0.0,0.0,0.0,0.0,0.0
2026-02-15 00:00:00+00:00,0.0,0.0,0.0,0.0,0.0,0.0,0.0,0.0
2026-02-16 00:00:00+00:00,0.0,0.0,0.0,0.0,0.0,0.0,0.0,0.0
2026-02-17 00:00:00+00:00,0.0,0.0,0.0,0.0,0.0,0.0,0.0,0.0
2026-02-18 00:00:00+00:00,0.0,0.0,0.0,0.0,0.0,0.0,0.0,0.0
2026-02-19 00:00:00+00:00,0.0,0.0,0.0,0.0,0.0,0.0,0.0,0.0
2026-02-20 00:00:00+00:00,0.0,0.0,0.0,0.0,0.0,0.0,0.0,0.0
2026-02-21 00:00:00+00:00,0.0,0.0,0.0,0.0,0.0,0.0,0.0,0.0
2026-02-22 00:00:00+00:00,0.0,0.0,0.0,0.0,0.0,0.0,0.0,0.0
2026-02-23 00:00:00+00:00,0.0,0.0,0.0,0.0,0.0,0.0,0.0,0.0
2026-02-24 00:00:00+00:00,0.0,0.0,0.0,0.0,0.0,0.0,0.0,0.0
2026-02-25 00:00:00+00:00,0.0,0.0,0.0,0.0,0.0,0.0,0.0,0.0
2026-02-26 00:00:00+00:00,0.0,0.0,0.0,0.0,0.0,0.0,0.0,0.0
2026-02-27 00:00:00+00:00,0.0,0.0,0.0,0.0,0.0,0.0,0.0,0.0
2026-02-28 00:00:00+00:00,0.0,0.0,0.0,0.0,0.0,0.0,0.0,0.0
2026-03-01 00:00:00+00:00,0.0,0.0,0.0,0.0,0.0,0.0,0.0,0.0
2026-03-02 00:00:00+00:00,0.0,0.0,0.0,0.0,0.0,0.0,0.0,0.0
2026-03-03 00:00:00+00:00,0.0,0.0,0.0,0.0,0.0,0.0,0.0,0.0
2026-03-04 00:00:00+00:00,0.0,0.0,0.0,0.0,0.0,0.0,0.0,0.0
2026-03-05 00:00:00+00:00,0.0,0.0,0.0,0.0,0.0,0.0,0.0,0.0
2026-03-06 00:00:00+00:00,0.0,0.0,0.0,0.0,0.0,0.0,0.0,0.0
2026-03-07 00:00:00+00:00,0.0,0.0,0.0,0.0,0.0,0.0,0.0,0.0
2026-03-08 00:00:00+00:00,0.0,0.0,0.0,0.0,0.0,0.0,0.0,0.0
2026-03-09 00:00:00+00:00,0.0,0.0,0.0,0.0,0.0,0.0,0.0,0.0
2026-03-10 00:00:00+00:00,0.0,0.0,0.0,0.0,0.0,0.0,0.0,0.0
2026-03-11 00:00:00+00:00,0.0,0.0,0.0,0.0,0.0,0.0,0.0,0.0
2026-03-12 00:00:00+00:00,0.0,0.0,0.0,0.0,0.0,0.0,0.0,0.0
2026-03-13 00:00:00+00:00,0.0,0.0,0.0,0.0,0.0,0.0,0.0,0.0
2026-03-14 00:00:00+00:00,0.0,0.0,0.0,0.0,0.0,0.0,0.0,0.0
2026-03-15 00:00:00+00:00,0.0,0.0,0.0,0.0,0.0,0.0,0.0,0.0
2026-03-16 00:00:00+00:00,0.0,0.0,0.0,0.0,0.0,0.0,0.0,0.0
2026-03-17 00:00:00+00:00,0.0,0.0,0.0,0.0,0.0,0.0,0.0,0.0
2026-03-18 00:00:00+00:00,1.0,1.0,1.0,3.0,0.0,0.0,0.0,1.0
2026-03-19 00:00:00+00:00,0.0,0.0,0.0,0.0,0.0,0.0,0.0,0.0
2026-03-20 00:00:00+00:00,0.0,0.0,0.0,0.0,0.0,0.0,0.0,0.0
2026-03-21 00:00:00+00:00,0.0,0.0,0.0,0.0,0.0,0.0,0.0,0.0
2026-03-22 00:00:00+00:00,0.0,0.0,0.0,0.0,0.0,0.0,0.0,0.0
2026-03-23 00:00:00+00:00,0.0,0.0,0.0,0.0,0.0,0.0,0.0,0.0
2026-03-24 00:00:00+00:00,0.0,0.0,0.0,0.0,0.0,0.0,0.0,0.0
2026-03-25 00:00:00+00:00,0.0,0.0,0.0,0.0,0.0,0.0,0.0,0.0
2026-03-26 00:00:00+00:00,0.0,0.0,0.0,0.0,0.0,0.0,0.0,0.0
2026-03-27 00:00:00+00:00,0.0,0.0,0.0,0.0,0.0,0.0,0.0,0.0
2026-03-28 00:00:00+00:00,0.0,0.0,0.0,0.0,0.0,0.0,0.0,0.0
2026-03-29 00:00:00+00:00,0.0,0.0,0.0,0.0,0.0,0.0,0.0,0.0
2026-03-30 00:00:00+00:00,0.0,0.0,0.0,0.0,0.0,0.0,0.0,0.0
2026-03-31 00:00:00+00:00,0.0,0.0,0.0,0.0,0.0,0.0,0.0,0.0
2026-04-01 00:00:00+00:00,0.0,0.0,0.0,0.0,0.0,0.0,0.0,0.0
2026-04-02 00:00:00+00:00,0.0,0.0,0.0,0.0,0.0,0.0,0.0,0.0
2026-04-03 00:00:00+00:00,0.0,0.0,0.0,0.0,0.0,0.0,0.0,0.0
2026-04-04 00:00:00+00:00,0.0,0.0,0.0,0.0,0.0,0.0,0.0,0.0
2026-04-05 00:00:00+00:00,0.0,0.0,0.0,0.0,0.0,0.0,0.0,0.0
2026-04-06 00:00:00+00:00,0.0,0.0,0.0,0.0,0.0,0.0,0.0,0.0
2026-04-07 00:00:00+00:00,0.0,0.0,0.0,0.0,0.0,0.0,0.0,0.0
2026-04-08 00:00:00+00:00,0.0,0.0,0.0,0.0,0.0,0.0,0.0,0.0
2026-04-09 00:00:00+00:00,0.0,0.0,0.0,0.0,0.0,0.0,0.0,0.0
2026-04-10 00:00:00+00:00,0.0,0.0,0.0,0.0,0.0,0.0,0.0,0.0
2026-04-11 00:00:00+00:00,0.0,0.0,0.0,0.0,0.0,0.0,0.0,0.0
2026-04-12 00:00:00+00:00,0.0,0.0,0.0,0.0,0.0,0.0,0.0,0.0
2026-04-13 00:00:00+00:00,0.0,0.0,0.0,0.0,0.0,0.0,0.0,0.0
2026-04-14 00:00:00+00:00,0.0,0.0,0.0,0.0,0.0,0.0,0.0,0.0
2026-04-15 00:00:00+00:00,0.0,0.0,0.0,0.0,0.0,0.0,0.0,0.0
2026-04-16 00:00:00+00:00,0.0,0.0,0.0,0.0,0.0,0.0,0.0,0.0
2026-04-17 00:00:00+00:00,0.0,0.0,0.0,0.0,0.0,0.0,0.0,0.0
2026-04-18 00:00:00+00:00,0.0,0.0,0.0,0.0,0.0,0.0,0.0,0.0
2026-04-19 00:00:00+00:00,0.0,0.0,0.0,0.0,0.0,0.0,0.0,0.0
2026-04-20 00:00:00+00:00,0.0,0.0,0.0,0.0,0.0,0.0,0.0,0.0
2026-04-21 00:00:00+00:00,1.0,1.0,1.0,126.0,0.0,0.0,0.0,1.0
2026-04-22 00:00:00+00:00,0.0,0.0,0.0,0.0,0.0,0.0,0.0,0.0
2026-04-23 00:00:00+00:00,0.0,0.0,0.0,0.0,0.0,0.0,0.0,0.0
2026-04-24 00:00:00+00:00,0.0,0.0,0.0,0.0,0.0,0.0,0.0,0.0
2026-04-25 00:00:00+00:00,0.0,0.0,0.0,0.0,0.0,0.0,0.0,0.0
2026-04-26 00:00:00+00:00,0.0,0.0,0.0,0.0,0.0,0.0,0.0,0.0
2026-04-27 00:00:00+00:00,0.0,0.0,0.0,0.0,0.0,0.0,0.0,0.0
2026-04-28 00:00:00+00:00,0.0,0.0,0.0,0.0,0.0,0.0,0.0,0.0
2026-04-29 00:00:00+00:00,0.0,0.0,0.0,0.0,0.0,0.0,0.0,0.0
2026-04-30 00:00:00+00:00,0.0,0.0,0.0,0.0,0.0,0.0,0.0,0.0
2026-05-01 00:00:00+00:00,0.0,0.0,0.0,0.0,0.0,0.0,0.0,0.0
2026-05-02 00:00:00+00:00,0.0,0.0,0.0,0.0,0.0,0.0,0.0,0.0
2026-05-03 00:00:00+00:00,0.0,0.0,0.0,0.0,0.0,0.0,0.0,0.0
2026-05-04 00:00:00+00:00,0.0,0.0,0.0,0.0,0.0,0.0,0.0,0.0
2026-05-05 00:00:00+00:00,0.0,0.0,0.0,0.0,0.0,0.0,0.0,0.0
2026-05-06 00:00:00+00:00,0.0,0.0,0.0,0.0,0.0,0.0,0.0,0.0
2026-05-07 00:00:00+00:00,1.0,1.0,1.0,4.0,0.0,0.0,0.0,1.0
2026-05-08 00:00:00+00:00,0.0,0.0,0.0,0.0,0.0,0.0,0.0,0.0
2026-05-09 00:00:00+00:00,0.0,0.0,0.0,0.0,0.0,0.0,0.0,0.0
2026-05-10 00:00:00+00:00,0.0,0.0,0.0,0.0,0.0,0.0,0.0,0.0
2026-05-11 00:00:00+00:00,0.0,0.0,0.0,0.0,0.0,0.0,0.0,0.0
2026-05-12 00:00:00+00:00,0.0,0.0,0.0,0.0,0.0,0.0,0.0,0.0
2026-05-13 00:00:00+00:00,0.0,0.0,0.0,0.0,0.0,0.0,0.0,0.0
2026-05-14 00:00:00+00:00,0.0,0.0,0.0,0.0,0.0,0.0,0.0,0.0
2026-05-15 00:00:00+00:00,0.0,0.0,0.0,0.0,0.0,0.0,0.0,0.0
2026-05-16 00:00:00+00:00,0.0,0.0,0.0,0.0,0.0,0.0,0.0,0.0
2026-05-17 00:00:00+00:00,0.0,0.0,0.0,0.0,0.0,0.0,0.0,0.0
2026-05-18 00:00:00+00:00,1.0,1.0,1.0,43.0,1.0,0.0,0.0,1.0
2026-05-19 00:00:00+00:00,0.0,0.0,0.0,0.0,0.0,0.0,0.0,0.0
2026-05-20 00:00:00+00:00,0.0,0.0,0.0,0.0,0.0,0.0,0.0,0.0
2026-05-21 00:00:00+00:00,0.0,0.0,0.0,0.0,0.0,0.0,0.0,0.0
2026-05-22 00:00:00+00:00,0.0,0.0,0.0,0.0,0.0,0.0,0.0,0.0
2026-05-23 00:00:00+00:00,0.0,0.0,0.0,0.0,0.0,0.0,0.0,0.0
2026-05-24 00:00:00+00:00,0.0,0.0,0.0,0.0,0.0,0.0,0.0,0.0
2026-05-25 00:00:00+00:00,0.0,0.0,0.0,0.0,0.0,0.0,0.0,0.0
2026-05-26 00:00:00+00:00,0.0,0.0,0.0,0.0,0.0,0.0,0.0,0.0
2026-05-27 00:00:00+00:00,0.0,0.0,0.0,0.0,0.0,0.0,0.0,0.0
2026-05-28 00:00:00+00:00,0.0,0.0,0.0,0.0,0.0,0.0,0.0,0.0
2026-05-29 00:00:00+00:00,0.0,0.0,0.0,0.0,0.0,0.0,0.0,0.0
2026-05-30 00:00:00+00:00,0.0,0.0,0.0,0.0,0.0,0.0,0.0,0.0
2026-05-31 00:00:00+00:00,0.0,0.0,0.0,0.0,0.0,0.0,0.0,0.0
2026-06-01 00:00:00+00:00,0.0,0.0,0.0,0.0,0.0,0.0,0.0,0.0
2026-06-02 00:00:00+00:00,0.0,0.0,0.0,0.0,0.0,0.0,0.0,0.0
2026-06-03 00:00:00+00:00,0.0,0.0,0.0,0.0,0.0,0.0,0.0,0.0
2026-06-04 00:00:00+00:00,0.0,0.0,0.0,0.0,0.0,0.0,0.0,0.0
2026-06-05 00:00:00+00:00,0.0,0.0,0.0,0.0,0.0,0.0,0.0,0.0
2026-06-06 00:00:00+00:00,2.0,2.0,1.0,5.0,0.5,0.5,0.0,0.5
2026-06-07 00:00:00+00:00,0.0,0.0,0.0,0.0,0.0,0.0,0.0,0.0
2026-06-08 00:00:00+00:00,0.0,0.0,0.0,0.0,0.0,0.0,0.0,0.0
2026-06-09 00:00:00+00:00,0.0,0.0,0.0,0.0,0.0,0.0,0.0,0.0
2026-06-10 00:00:00+00:00,0.0,0.0,0.0,0.0,0.0,0.0,0.0,0.0
2026-06-11 00:00:00+00:00,0.0,0.0,0.0,0.0,0.0,0.0,0.0,0.0
2026-06-12 00:00:00+00:00,0.0,0.0,0.0,0.0,0.0,0.0,0.0,0.0
2026-06-13 00:00:00+00:00,0.0,0.0,0.0,0.0,0.0,0.0,0.0,0.0
2026-06-14 00:00:00+00:00,0.0,0.0,0.0,0.0,0.0,0.0,0.0,0.0
2026-06-15 00:00:00+00:00,0.0,0.0,0.0,0.0,0.0,0.0,0.0,0.0
2026-06-16 00:00:00+00:00,0.0,0.0,0.0,0.0,0.0,0.0,0.0,0.0
2026-06-17 00:00:00+00:00,2.0,2.0,2.0,21.0,0.5,0.0,0.0,1.0
2026-06-18 00:00:00+00:00,0.0,0.0,0.0,0.0,0.0,0.0,0.0,0.0
2026-06-19 00:00:00+00:00,0.0,0.0,0.0,0.0,0.0,0.0,0.0,0.0
2026-06-20 00:00:00+00:00,0.0,0.0,0.0,0.0,0.0,0.0,0.0,0.0
2026-06-21 00:00:00+00:00,0.0,0.0,0.0,0.0,0.0,0.0,0.0,0.0
2026-06-22 00:00:00+00:00,0.0,0.0,0.0,0.0,0.0,0.0,0.0,0.0
2026-06-23 00:00:00+00:00,0.0,0.0,0.0,0.0,0.0,0.0,0.0,0.0
2026-06-24 00:00:00+00:00,0.0,0.0,0.0,0.0,0.0,0.0,0.0,0.0
2026-06-25 00:00:00+00:00,1.0,1.0,1.0,33.0,0.0,0.0,0.0,1.0
2026-06-26 00:00:00+00:00,0.0,0.0,0.0,0.0,0.0,0.0,0.0,0.0
2026-06-27 00:00:00+00:00,0.0,0.0,0.0,0.0,0.0,0.0,0.0,0.0
2026-06-28 00:00:00+00:00,0.0,0.0,0.0,0.0,0.0,0.0,0.0,0.0
2026-06-29 00:00:00+00:00,0.0,0.0,0.0,0.0,0.0,0.0,0.0,0.0
2026-06-30 00:00:00+00:00,1.0,1.0,1.0,1.0,0.0,0.0,0.0,1.0
2026-07-01 00:00:00+00:00,0.0,0.0,0.0,0.0,0.0,0.0,0.0,0.0
2026-07-02 00:00:00+00:00,0.0,0.0,0.0,0.0,0.0,0.0,0.0,0.0
2026-07-03 00:00:00+00:00,0.0,0.0,0.0,0.0,0.0,0.0,0.0,0.0
2026-07-04 00:00:00+00:00,0.0,0.0,0.0,0.0,0.0,0.0,0.0,0.0
2026-07-05 00:00:00+00:00,0.0,0.0,0.0,0.0,0.0,0.0,0.0,0.0
2026-07-06 00:00:00+00:00,0.0,0.0,0.0,0.0,0.0,0.0,0.0,0.0
2026-07-07 00:00:00+00:00,0.0,0.0,0.0,0.0,0.0,0.0,0.0,0.0
2026-07-08 00:00:00+00:00,0.0,0.0,0.0,0.0,0.0,0.0,0.0,0.0
2026-07-09 00:00:00+00:00,0.0,0.0,0.0,0.0,0.0,0.0,0.0,0.0
2026-07-10 00:00:00+00:00,0.0,0.0,0.0,0.0,0.0,0.0,0.0,0.0
2026-07-11 00:00:00+00:00,0.0,0.0,0.0,0.0,0.0,0.0,0.0,0.0
2026-07-12 00:00:00+00:00,0.0,0.0,0.0,0.0,0.0,0.0,0.0,0.0
2026-07-13 00:00:00+00:00,0.0,0.0,0.0,0.0,0.0,0.0,0.0,0.0
2026-07-14 00:00:00+00:00,1.0,1.0,0.0,0.0,0.0,1.0,0.0,0.0
2026-07-15 00:00:00+00:00,0.0,0.0,0.0,0.0,0.0,0.0,0.0,0.0
2026-07-16 00:00:00+00:00,0.0,0.0,0.0,0.0,0.0,0.0,0.0,0.0
2026-07-17 00:00:00+00:00,0.0,0.0,0.0,0.0,0.0,0.0,0.0,0.0
2026-07-18 00:00:00+00:00,0.0,0.0,0.0,0.0,0.0,0.0,0.0,0.0
2026-07-19 00:00:00+00:00,0.0,0.0,0.0,0.0,0.0,0.0,0.0,0.0
2026-07-20 00:00:00+00:00,0.0,0.0,0.0,0.0,0.0,0.0,0.0,0.0
2026-07-21 00:00:00+00:00,0.0,0.0,0.0,0.0,0.0,0.0,0.0,0.0
2026-07-22 00:00:00+00:00,0.0,0.0,0.0,0.0,0.0,0.0,0.0,0.0
2026-07-23 00:00:00+00:00,0.0,0.0,0.0,0.0,0.0,0.0,0.0,0.0
2026-07-24 00:00:00+00:00,0.0,0.0,0.0,0.0,0.0,0.0,0.0,0.0
2026-07-25 00:00:00+00:00,0.0,0.0,0.0,0.0,0.0,0.0,0.0,0.0
2026-07-26 00:00:00+00:00,0.0,0.0,0.0,0.0,0.0,0.0,0.0,0.0
2026-07-27 00:00:00+00:00,0.0,0.0,0.0,0.0,0.0,0.0,0.0,0.0
2026-07-28 00:00:00+00:00,0.0,0.0,0.0,0.0,0.0,0.0,0.0,0.0
2026-07-29 00:00:00+00:00,0.0,0.0,0.0,0.0,0.0,0.0,0.0,0.0
2026-07-30 00:00:00+00:00,0.0,0.0,0.0,0.0,0.0,0.0,0.0,0.0
2026-07-31 00:00:00+00:00,0.0,0.0,0.0,0.0,0.0,0.0,0.0,0.0
2026-08-01 00:00:00+00:00,0.0,0.0,0.0,0.0,0.0,0.0,0.0,0.0
2026-08-02 00:00:00+00:00,0.0,0.0,0.0,0.0,0.0,0.0,0.0,0.0
2026-08-03 00:00:00+00:00,1.0,1.0,1.0,0.0,0.0,0.0,0.0,1.0
2026-08-04 00:00:00+00:00,0.0,0.0,0.0,0.0,0.0,0.0,0.0,0.0
2026-08-05 00:00:00+00:00,0.0,0.0,0.0,0.0,0.0,0.0,0.0,0.0
2026-08-06 00:00:00+00:00,0.0,0.0,0.0,0.0,0.0,0.0,0.0,0.0
2026-08-07 00:00:00+00:00,1.0,1.0,0.0,88.0,0.0,0.0,0.0,0.0
2026-08-08 00:00:00+00:00,0.0,0.0,0.0,0.0,0.0,0.0,0.0,0.0
2026-08-09 00:00:00+00:00,0.0,0.0,0.0,0.0,0.0,0.0,0.0,0.0
2026-08-10 00:00:00+00:00,0.0,0.0,0.0,0.0,0.0,0.0,0.0,0.0
2026-08-11 00:00:00+00:00,0.0,0.0,0.0,0.0,0.0,0.0,0.0,0.0
2026-08-12 00:00:00+00:00,0.0,0.0,0.0,0.0,0.0,0.0,0.0,0.0
2026-08-13 00:00:00+00:00,0.0,0.0,0.0,0.0,0.0,0.0,0.0,0.0
2026-08-14 00:00:00+00:00,0.0,0.0,0.0,0.0,0.0,0.0,0.0,0.0
2026-08-15 00:00:00+00:00,0.0,0.0,0.0,0.0,0.0,0.0,0.0,0.0
2026-08-16 00:00:00+00:00,2.0,1.0,0.0,37.0,0.0,0.0,0.0,0.0
2026-08-17 00:00:00+00:00,0.0,0.0,0.0,0.0,0.0,0.0,0.0,0.0
2026-08-18 00:00:00+00:00,0.0,0.0,0.0,0.0,0.0,0.0,0.0,0.0
2026-08-19 00:00:00+00:00,0.0,0.0,0.0,0.0,0.0,0.0,0.0,0.0
2026-08-20 00:00:00+00:00,0.0,0.0,0.0,0.0,0.0,0.0,0.0,0.0
2026-08-21 00:00:00+00:00,0.0,0.0,0.0,0.0,0.0,0.0,0.0,0.0
2026-08-22 00:00:00+00:00,0.0,0.0,0.0,0.0,0.0,0.0,0.0,0.0
2026-08-23 00:00:00+00:00,1.0,1.0,1.0,0.0,0.0,0.0,0.0,1.0
2026-08-24 00:00:00+00:00,0.0,0.0,0.0,0.0,0.0,0.0,0.0,0.0
2026-08-25 00:00:00+00:00,0.0,0.0,0.0,0.0,0.0,0.0,0.0,0.0
2026-08-26 00:00:00+00:00,0.0,0.0,0.0,0.0,0.0,0.0,0.0,0.0
2026-08-27 00:00:00+00:00,0.0,0.0,0.0,0.0,0.0,0.0,0.0,0.0
2026-08-28 00:00:00+00:00,0.0,0.0,0.0,0.0,0.0,0.0,0.0,0.0
2026-08-29 00:00:00+00:00,0.0,0.0,0.0,0.0,0.0,0.0,0.0,0.0
2026-08-30 00:00:00+00:00,0.0,0.0,0.0,0.0,0.0,0.0,0.0,0.0
2026-08-31 00:00:00+00:00,0.0,0.0,0.0,0.0,0.0,0.0,0.0,0.0
2026-09-01 00:00:00+00:00,2.0,1.0,1.0,0.0,0.5,0.0,0.0,1.0
2026-09-02 00:00:00+00:00,0.0,0.0,0.0,0.0,0.0,0.0,0.0,0.0
2026-09-03 00:00:00+00:00,0.0,0.0,0.0,0.0,0.0,0.0,0.0,0.0
2026-09-04 00:00:00+00:00,0.0,0.0,0.0,0.0,0.0,0.0,0.0,0.0
2026-09-05 00:00:00+00:00,0.0,0.0,0.0,0.0,0.0,0.0,0.0,0.0
2026-09-06 00:00:00+00:00,0.0,0.0,0.0,0.0,0.0,0.0,0.0,0.0
2026-09-07 00:00:00+00:00,0.0,0.0,0.0,0.0,0.0,0.0,0.0,0.0
2026-09-08 00:00:00+00:00,0.0,0.0,0.0,0.0,0.0,0.0,0.0,0.0
2026-09-09 00:00:00+00:00,0.0,0.0,0.0,0.0,0.0,0.0,0.0,0.0
2026-09-10 00:00:00+00:00,0.0,0.0,0.0,0.0,0.0,0.0,0.0,0.0
2026-09-11 00:00:00+00:00,0.0,0.0,0.0,0.0,0.0,0.0,0.0,0.0
2026-09-12 00:00:00+00:00,2.0,2.0,2.0,5.0,0.5,0.0,0.0,1.0
